0,1,2,3,4,5,6,7,8,9,10,11
28.718645,-15.820584,-25.494234,39.839046,32.531567,-32.437515,41.55831,40.237827,-32.615204,-41.117294,-32.616108,-21.995306
24.567284,-13.143425,-21.664663,34.070374,27.598673,-27.769077,35.272728,34.041855,-27.800867,-35.00874,-27.775442,-18.712729
29.373648,-16.09186,-26.07704,40.794155,33.227978,-33.314075,42.58892,41.135437,-33.31432,-42.031143,-33.466866,-22.586287
1.6716602,-0.5695274,-1.2981048,2.3121593,1.815214,-1.7720865,2.4435122,2.076059,-1.7958795,-2.4896197,-2.0488768,-1.1614226
34.387283,-18.826157,-30.336794,47.40362,38.69388,-38.690376,49.306213,47.72982,-38.86172,-48.93278,-38.73489,-26.261913
39.15284,-21.392197,-34.467983,53.671314,43.779102,-43.799786,55.774242,54.098625,-44.048794,-55.413727,-43.860794,-29.759893
9.124154,-4.7434716,-8.010445,12.739658,10.222145,-10.323041,13.150192,12.631658,-10.24161,-13.0870495,-10.461998,-6.9832673
26.047728,-14.079326,-22.969263,35.94569,29.159084,-29.304987,37.236008,35.987793,-29.337528,-37.02555,-29.364918,-19.799244
38.935265,-21.256222,-34.116077,53.19048,43.33156,-43.38213,55.211353,53.575226,-43.585266,-54.85862,-43.49342,-29.471302
68.28177,-37.60865,-60.004623,93.222916,76.11819,-76.02474,96.91824,94.19457,-76.574524,-96.192024,-76.203865,-51.677746
74.15701,-40.869583,-65.33388,101.43304,82.84169,-82.756996,105.38492,102.475105,-83.32781,-104.64234,-82.84961,-56.21432
39.222713,-21.499777,-34.448284,53.620678,43.742435,-43.729126,55.73917,54.079212,-43.94791,-55.31814,-43.87013,-29.759216
33.71244,-18.274206,-29.761135,46.38789,37.692745,-37.816128,48.10457,46.594524,-37.96557,-47.74423,-37.846348,-25.620445
27.28534,-14.8665,-24.109076,37.72669,30.646013,-30.730225,39.115368,37.844387,-30.828485,-38.81391,-30.79431,-20.788654
35.333176,-19.455513,-31.165459,48.53797,39.6701,-39.638145,50.640396,49.12056,-39.836308,-50.157845,-39.775444,-27.030064
61.491135,-33.93355,-53.864437,83.64445,68.36957,-68.14402,87.03196,84.610085,-68.66575,-86.35017,-68.45169,-46.498535
114.73768,-64.09693,-100.35774,155.59769,127.76969,-126.79448,162.65091,158.27954,-127.9576,-161.0434,-127.62614,-86.91075
47.790318,-26.239159,-42.066795,65.37469,53.39926,-53.30455,67.93425,66.02317,-53.73986,-67.46745,-53.398094,-36.235497
60.557987,-33.552437,-53.128353,82.53783,67.62425,-67.28563,85.96217,83.57703,-68.03148,-85.40012,-67.466064,-45.734447
21.42032,-11.694914,-18.775118,29.419579,23.968128,-23.91457,30.581856,29.599865,-24.134195,-30.405632,-24.056278,-16.116909
20.767172,-11.276005,-18.276165,28.55547,23.213993,-23.206985,29.579771,28.66033,-23.362925,-29.426208,-23.328974,-15.713947
6.392049,-3.300897,-5.506085,8.852035,7.1690507,-7.173246,9.222302,8.761464,-7.1156087,-9.185995,-7.336838,-4.8774977
19.201902,-10.236413,-16.867744,26.548473,21.45637,-21.632166,27.464642,26.425093,-21.640629,-27.338303,-21.68907,-14.520789
20.513842,-11.592549,-18.164764,28.312902,23.408838,-22.990768,29.996061,29.024698,-23.278448,-29.42589,-23.38177,-15.777314
30.293863,-16.98616,-26.781954,41.823814,34.27737,-33.986824,44.05166,42.511154,-34.051666,-43.215057,-34.53827,-23.328749
33.930637,-19.437134,-29.962366,46.45658,38.571667,-37.731453,49.246243,47.80251,-38.46275,-48.391365,-38.38267,-25.84033
27.254421,-14.70549,-23.934906,37.289986,30.339752,-30.428034,38.604908,37.420753,-30.586813,-38.487476,-30.42352,-20.55043
29.988981,-17.38655,-26.447643,40.876133,34.12897,-33.1627,43.60556,42.40327,-34.02642,-42.709965,-33.886497,-22.69212
70.38718,-39.284966,-62.0441,96.36628,79.04746,-78.54588,101.027504,98.102684,-79.03063,-99.613754,-79.155754,-53.8676
14.763985,-7.8484564,-12.979869,20.49683,16.590488,-16.710728,21.288847,20.437422,-16.633417,-21.140793,-16.781713,-11.278954
15.467033,-8.284828,-13.695937,21.667675,17.518564,-17.58417,22.445726,21.613827,-17.548681,-22.221672,-17.690773,-11.885423
71.622604,-39.569603,-62.98097,97.80132,79.9753,-79.77975,101.81395,98.975555,-80.28381,-100.96508,-80.00396,-54.448605
7.0885572,-3.7194843,-6.0172753,9.631411,7.8383455,-7.793378,10.046279,9.63405,-7.815297,-10.02065,-7.9797077,-5.25834
4.392835,-2.0840647,-3.7492015,6.05198,4.814389,-4.9100995,6.1446776,5.7990746,-4.881348,-6.316865,-4.9930215,-3.150038
26.994385,-15.185181,-23.996546,37.406475,30.742811,-30.452665,39.510014,38.103554,-30.554895,-38.723595,-30.935184,-20.797922
54.519337,-30.125334,-48.026936,74.59892,61.057228,-60.865864,77.699814,75.48918,-61.35769,-77.11207,-61.033142,-41.353622
47.985115,-27.134018,-42.203575,65.34747,54.04126,-53.10049,68.59599,66.83524,-54.294132,-67.9484,-53.614334,-36.006115
66.58024,-37.03755,-58.458527,90.7149,74.39619,-74.04558,94.77805,92.09134,-74.71829,-93.942474,-74.35601,-50.377693
38.536404,-21.249168,-33.767036,52.498966,42.893974,-42.75767,54.660206,53.117336,-42.99969,-54.23214,-42.996696,-29.212236
12.097412,-6.362419,-10.502983,16.632906,13.421603,-13.505444,17.186295,16.48064,-13.526126,-17.148909,-13.602779,-9.132972
15.852661,-8.593627,-13.905607,21.86843,17.776978,-17.757317,22.77838,21.966,-17.805916,-22.528627,-17.946648,-12.120728
64.15766,-35.740555,-56.41046,87.53553,71.94895,-71.36264,91.407166,88.94032,-72.36033,-90.76016,-71.609856,-48.492912
26.974997,-14.721839,-23.871613,37.262264,30.347755,-30.35137,38.828014,37.57423,-30.507034,-38.384327,-30.498493,-20.560406
24.184637,-13.333482,-21.590992,33.72965,27.529625,-27.502491,35.30441,34.11001,-27.525646,-34.779587,-27.720284,-18.69667
19.817446,-10.779546,-17.516209,27.487745,22.406748,-22.393724,28.614925,27.702965,-22.519964,-28.35621,-22.473408,-15.157436
2.3455088,-1.1404935,-1.9257079,3.2706082,2.5881977,-2.546733,3.4248924,3.1628745,-2.519213,-3.363648,-2.7990568,-1.6700047
14.349707,-7.603728,-12.772615,20.219997,16.294384,-16.457441,20.99931,20.263441,-16.361195,-20.759409,-16.573744,-11.163822
41.92709,-23.309132,-36.94528,57.327602,47.070557,-46.65493,59.816303,58.231464,-47.426422,-59.37213,-46.914227,-31.468163
19.970821,-10.644134,-17.478025,27.440168,22.191456,-22.354347,28.412464,27.45123,-22.392056,-28.22788,-22.425665,-15.07125
19.142822,-10.5667,-16.787268,26.135122,21.460644,-21.269844,27.31351,26.548235,-21.586273,-27.136116,-21.450851,-14.397278
32.088337,-18.448559,-28.383282,43.959007,36.56949,-35.725655,46.619156,45.329506,-36.51001,-45.865273,-36.31742,-24.368004
22.817476,-12.299705,-20.029446,31.42004,25.492714,-25.52445,32.547455,31.450504,-25.61631,-32.32766,-25.69445,-17.303738
14.315841,-7.7532387,-12.544063,19.680708,16.013378,-15.963672,20.390606,19.789751,-16.109331,-20.264194,-16.119051,-10.776985
19.518587,-10.475394,-17.260029,27.11904,21.948727,-22.022486,28.05837,27.086555,-22.073597,-27.825655,-22.155165,-14.901738
63.27351,-35.05994,-55.48182,86.19797,70.51183,-70.205215,89.80524,87.252045,-70.719406,-89.056335,-70.62242,-47.930653
1.8049471,-0.6710298,-1.4214095,2.5188437,1.9642563,-1.9730098,2.6432345,2.3027,-1.9376214,-2.7072966,-2.2054532,-1.2678583
10.581178,-5.6294227,-9.164427,14.588849,11.825676,-11.8070135,15.171139,14.572382,-11.832805,-15.089946,-12.034639,-7.930032
30.745937,-16.738665,-27.00287,42.077526,34.262352,-34.28014,43.612507,42.332394,-34.466064,-43.378494,-34.355595,-23.295738
62.89258,-35.357216,-55.77952,86.68486,71.18925,-70.64201,91.152405,88.28788,-71.05524,-89.5982,-71.3055,-48.403618
19.39254,-10.495632,-17.238508,27.025143,21.93105,-22.026884,28.191645,27.2532,-22.010859,-27.741613,-22.175617,-14.944555
15.041057,-8.157788,-13.313492,20.983984,17.089361,-17.076286,21.941912,21.104784,-17.076757,-21.667343,-17.243433,-11.623013
15.607344,-8.499367,-13.833101,21.672483,17.64096,-17.676907,22.675858,21.830599,-17.625645,-22.3763,-17.864552,-11.964166
36.00503,-20.011099,-31.560022,49.028446,40.317104,-39.823093,51.182423,49.76064,-40.54167,-50.80727,-40.13423,-26.987394
16.270277,-8.709573,-14.280639,22.410444,18.187466,-18.245108,23.25623,22.380068,-18.29652,-23.144796,-18.33274,-12.284863
34.866783,-19.05774,-30.727087,48.003334,39.059868,-39.18569,49.87759,48.311,-39.29975,-49.50848,-39.250607,-26.40136
24.713476,-13.177466,-21.614368,33.916843,27.495502,-27.593487,35.043224,33.828876,-27.66797,-34.92214,-27.66228,-18.669527
77.5144,-43.267616,-68.64152,106.79556,87.49034,-87.09329,111.89304,108.50775,-87.58217,-110.32667,-87.58254,-59.55363
15.290149,-8.196162,-13.432358,21.19015,17.141684,-17.200512,22.037312,21.24027,-17.202301,-21.814783,-17.378433,-11.716886
47.137737,-26.04662,-41.495026,64.50475,52.711784,-52.61959,67.30772,65.3242,-52.888332,-66.61414,-52.871517,-35.927837
13.6361475,-7.2912064,-12.108254,19.11791,15.53638,-15.575489,20.009293,19.249666,-15.560193,-19.660303,-15.717969,-10.589289
35.06831,-19.286247,-30.8736,48.10726,39.330025,-39.182285,50.085945,48.661503,-39.662148,-49.72352,-39.326847,-26.458052
36.059345,-19.833532,-31.825222,49.544426,40.561188,-40.292805,51.54992,50.105503,-40.80369,-51.157677,-40.47555,-27.256742
30.97552,-16.822544,-27.192528,42.371864,34.52989,-34.53798,43.889416,42.616352,-34.77842,-43.734093,-34.574356,-23.348274
12.181941,-6.3505855,-10.574933,16.78617,13.509655,-13.6183,17.311327,16.634146,-13.595082,-17.245808,-13.725384,-9.15542
28.244886,-15.559094,-25.053652,39.07669,31.942085,-31.77323,40.778908,39.5461,-32.026627,-40.332184,-31.990189,-21.568142
15.389662,-8.196972,-13.470427,21.183144,17.200424,-17.217533,21.91054,21.151844,-17.37114,-21.869427,-17.295174,-11.541007
35.261864,-19.478601,-31.289312,48.87541,39.886326,-39.77845,51.058743,49.39504,-39.988194,-50.37122,-40.05097,-26.98107
85.60075,-47.50715,-74.95457,116.36236,95.348625,-94.82034,121.53451,118.079254,-95.51542,-120.319725,-95.40407,-64.95807
21.682003,-11.6220255,-19.211658,30.353302,24.505552,-24.683426,31.49511,30.27952,-24.604164,-31.128609,-24.811922,-16.680386
22.313599,-11.919007,-19.716072,30.879343,25.02101,-25.168797,32.011013,30.888968,-25.25917,-31.782658,-25.214102,-16.92039
16.89968,-9.043841,-14.687861,23.187664,18.841595,-18.710716,23.974417,23.117245,-18.962015,-23.919012,-18.897203,-12.614475
61.157116,-33.67874,-53.68351,83.42593,68.16429,-68.00286,86.79431,84.36545,-68.52378,-86.15381,-68.18772,-46.31114
30.07633,-16.469543,-26.601116,41.423283,33.79058,-33.747612,43.140457,41.82531,-33.87804,-42.70733,-33.91235,-22.911837
108.964935,-60.644127,-95.48618,148.00145,121.4534,-120.709755,154.56245,150.37288,-121.844,-153.15053,-121.23421,-82.55115
18.283894,-9.758639,-16.007626,25.095951,20.40156,-20.398134,25.968704,25.10069,-20.592308,-25.923882,-20.46544,-13.674837
13.029397,-6.840347,-11.484387,18.12435,14.700206,-14.797842,18.816751,18.055862,-14.75937,-18.714409,-14.838713,-9.936712
22.442364,-12.200419,-19.71066,30.797705,25.187582,-25.017658,31.994442,31.07401,-25.40794,-31.869188,-25.113304,-16.845802
18.76511,-9.968421,-16.60165,26.166092,21.081808,-21.270245,27.06518,26.067417,-21.197355,-26.800112,-21.373783,-14.378407
23.862791,-12.9166765,-21.014753,32.779682,26.67494,-26.752266,34.042545,32.967216,-26.840118,-33.842422,-26.8189,-18.13306
30.660023,-17.57921,-27.069237,42.10758,34.9401,-34.178684,44.61799,43.21946,-34.803364,-43.868843,-34.79011,-23.361794
12.279244,-6.4095974,-10.717632,16.962032,13.6397915,-13.841815,17.5644,16.76771,-13.755655,-17.451605,-13.897398,-9.287052
43.65614,-24.486763,-38.34227,59.465958,49.05522,-48.350147,62.289803,60.712555,-49.33482,-61.76613,-48.71461,-32.83139
27.647013,-15.842465,-24.522942,38.103664,31.585281,-30.903858,40.366,39.130295,-31.525496,-39.625175,-31.4245,-21.074451
33.527958,-18.211557,-29.45925,46.00255,37.422756,-37.45153,47.5879,46.05676,-37.689106,-47.446045,-37.49783,-25.28234
28.072844,-15.440046,-24.912905,39.059654,31.830812,-31.78333,40.843365,39.443966,-31.868217,-40.228397,-31.999119,-21.620895
37.30048,-20.387613,-32.54708,50.502785,41.21143,-41.161724,52.379395,50.904587,-41.384415,-52.18639,-41.332085,-28.039206
22.91833,-12.291564,-20.21376,31.756588,25.677988,-25.899927,32.88637,31.768261,-25.859385,-32.6407,-25.912079,-17.519085
12.808477,-6.4357443,-11.304438,18.097109,14.392181,-14.708713,18.609884,17.647919,-14.583138,-18.494837,-14.796874,-9.781178
26.169834,-14.103926,-23.29255,36.572186,29.60488,-29.815142,37.95612,36.743557,-29.789722,-37.507904,-29.854715,-20.24094
21.438307,-11.678275,-19.014603,29.805883,24.273125,-24.250128,31.087994,30.042189,-24.307955,-30.679665,-24.420635,-16.466238
14.380806,-7.5334725,-12.7161255,20.043102,16.207132,-16.296595,20.831638,20.018005,-16.326574,-20.6099,-16.393711,-10.994016
51.977,-28.664652,-45.68184,70.95324,58.047287,-57.83227,73.89098,71.791916,-58.359653,-73.32674,-58.019085,-39.30643
39.77235,-22.25683,-35.388527,55.077515,45.162365,-44.858227,57.952255,56.05826,-45.013515,-56.88559,-45.384212,-30.684837
12.680514,-6.517205,-11.113541,17.651226,14.141807,-14.356168,18.235966,17.496416,-14.264341,-18.070822,-14.467085,-9.654365
17.968103,-9.794144,-16.016562,25.07515,20.439728,-20.457432,26.274796,25.335052,-20.445482,-25.87084,-20.61612,-13.899833
14.366768,-7.6058993,-12.723255,20.034687,16.158585,-16.356539,20.706186,19.999348,-16.282211,-20.564352,-16.351141,-10.99487
14.888227,-7.65205,-13.035568,20.633696,16.536097,-16.771086,21.279547,20.357819,-16.70392,-21.212654,-16.855864,-11.234401
45.188908,-25.283024,-40.143963,62.596832,51.30923,-50.95063,65.89446,63.691402,-51.130627,-64.62152,-51.540268,-34.885567
3.6965926,-1.8163083,-3.1270206,5.0455837,4.0790706,-4.0153785,5.190064,4.877457,-4.0842767,-5.306628,-4.197563,-2.6491673
17.15105,-9.331376,-14.97722,23.498817,19.18347,-19.041693,24.41386,23.618156,-19.303154,-24.319069,-19.221046,-12.85903
14.855795,-7.942123,-13.061728,20.542007,16.613579,-16.676935,21.369408,20.647522,-16.6788,-21.10135,-16.861654,-11.333678
32.689068,-18.917402,-28.85008,44.79668,37.240833,-36.321842,47.537243,46.09873,-37.16113,-46.714645,-37.01137,-24.799322
72.41554,-40.665432,-63.26834,97.94228,80.705505,-79.64392,102.58073,99.99896,-80.84823,-101.585625,-80.38685,-54.510647
20.421524,-11.118076,-18.208311,28.518347,23.205532,-23.232319,29.864782,28.80602,-23.199646,-29.357769,-23.450172,-15.786176
60.586273,-34.111946,-53.72371,83.52337,68.57859,-68.05028,87.93062,85.109985,-68.36346,-86.352516,-68.780815,-46.677753
9.082529,-4.7514358,-8.017867,12.698108,10.240662,-10.268367,13.107092,12.554854,-10.322319,-13.061827,-10.367671,-6.781088
36.93911,-20.164204,-32.434578,50.42565,41.07528,-41.043137,52.231667,50.75446,-41.38374,-52.01297,-41.13988,-27.79734
21.047688,-11.488919,-18.574535,29.140205,23.763536,-23.734148,30.451492,29.399742,-23.79753,-30.065617,-23.892298,-16.164242
28.35791,-15.256532,-25.032469,39.047157,31.711655,-31.89381,40.405342,39.149246,-32.006214,-40.208744,-31.80578,-21.541853
60.37691,-33.88252,-53.621864,83.42345,68.47402,-67.97809,87.75695,84.9744,-68.2609,-86.17656,-68.64125,-46.61932
26.356953,-14.307247,-23.182642,36.2316,29.452303,-29.507095,37.60532,36.41694,-29.696753,-37.31297,-29.585815,-19.9068
16.111437,-8.578092,-14.303298,22.47903,18.168833,-18.320415,23.308008,22.445436,-18.300278,-23.107151,-18.35996,-12.343353
15.782145,-8.637056,-13.910044,21.880316,17.804276,-17.76043,22.767899,21.975075,-17.796997,-22.553978,-17.933208,-12.032331
26.88649,-15.552025,-23.69027,36.83775,30.628304,-29.838984,39.25355,38.019924,-30.439201,-38.41334,-30.536108,-20.510605
16.4756,-8.851557,-14.528867,22.794752,18.51316,-18.505136,23.683922,22.943924,-18.586727,-23.461897,-18.676971,-12.570957
50.134148,-27.679825,-44.40017,69.22537,56.514946,-56.473434,72.158264,69.929276,-56.746994,-71.40036,-56.58279,-38.349445
50.352917,-28.219805,-44.809322,69.78706,57.165527,-56.771378,73.37334,71.02055,-57.02267,-71.97408,-57.385807,-38.927322
29.582907,-16.1865,-26.033512,40.616745,33.17237,-33.066593,42.24242,40.947235,-33.41536,-41.991116,-33.203064,-22.284334
18.29383,-9.590032,-16.150734,25.271544,20.385,-20.613604,26.046549,25.135635,-20.722713,-25.956123,-20.572523,-13.735262
38.644493,-21.238726,-34.040524,52.917263,43.30627,-43.128616,55.088745,53.575874,-43.629078,-54.71248,-43.221195,-29.187603
37.98432,-21.238398,-33.772175,52.733227,43.20965,-42.92699,55.566647,53.675285,-42.994076,-54.451214,-43.47245,-29.415422
3.6021793,-1.7435572,-3.0026188,4.936936,3.9905727,-3.906403,5.153904,4.901419,-3.9453702,-5.154665,-4.1129527,-2.7295957
46.86728,-26.202518,-41.714428,64.994354,53.251343,-52.906025,68.380165,66.1114,-53.065742,-67.026184,-53.474308,-36.171635
15.755112,-8.481437,-13.97047,22.02673,17.79886,-17.87388,22.78796,22.006618,-17.9241,-22.619682,-17.992836,-12.026375
9.843582,-5.0917897,-8.603019,13.675288,11.029909,-11.1327095,14.163063,13.632593,-11.111809,-14.07667,-11.19113,-7.578635
26.707947,-14.725062,-23.639563,37.0061,30.17321,-30.0763,38.613987,37.329227,-30.22174,-38.17876,-30.285357,-20.455063
37.88592,-20.868586,-33.487854,52.071457,42.62878,-42.45613,54.215046,52.702282,-42.926132,-53.84932,-42.5222,-28.716995
25.94037,-13.967442,-22.95594,35.94123,29.145754,-29.32008,37.276306,36.056072,-29.392527,-36.932262,-29.328876,-19.798317
17.620497,-9.522424,-15.481328,24.34625,19.766296,-19.826977,25.36909,24.435162,-19.843449,-25.087845,-19.980259,-13.400801
17.083971,-9.2304735,-15.254124,23.969305,19.417652,-19.520943,24.984196,24.110542,-19.496445,-24.623802,-19.611042,-13.2252035
17.596914,-9.475455,-15.488437,24.269526,19.721672,-19.708252,25.12942,24.27721,-19.871292,-25.0389,-19.792759,-13.294625
48.345116,-26.311392,-42.571957,66.17319,53.94372,-53.997345,68.70053,66.70671,-54.298565,-68.25246,-53.98446,-36.675842
29.816704,-16.391663,-26.29423,40.96501,33.504883,-33.347748,42.634594,41.39102,-33.75767,-42.367123,-33.45411,-22.449041
25.90432,-14.715153,-22.897343,35.62448,29.488659,-28.947416,37.739693,36.59449,-29.440321,-37.05271,-29.417799,-19.774073
34.83713,-19.847034,-30.79105,47.837517,39.6251,-38.82868,50.566784,49.136055,-39.619774,-49.800125,-39.401638,-26.521917
23.328981,-12.879697,-20.749384,32.426956,26.438515,-26.391407,33.90707,32.766308,-26.483694,-33.420273,-26.621044,-17.901049
7.5050163,-3.7557304,-6.6205935,10.583334,8.486104,-8.551582,10.961714,10.404998,-8.493772,-10.91206,-8.701186,-5.7053137
43.234818,-24.377604,-38.466496,59.878475,49.213837,-48.76546,63.188633,61.093555,-48.98456,-61.92978,-49.391365,-33.402218
38.23894,-20.715715,-33.64408,52.387085,42.592308,-42.72023,54.26055,52.59869,-42.970947,-53.982834,-42.725895,-28.871262
17.873928,-9.69586,-15.889969,24.88144,20.300867,-20.26334,25.994081,25.114893,-20.31238,-25.646727,-20.40567,-13.780234
27.379858,-15.810066,-24.092127,37.519733,31.21425,-30.411741,39.83601,38.555645,-31.115688,-39.157536,-30.991343,-20.745934
66.16922,-36.37059,-57.90458,89.91826,73.46589,-73.289185,93.56239,90.93754,-73.764145,-92.877304,-73.58836,-50.005623
19.609873,-10.51602,-17.485643,27.412197,22.262138,-22.397844,28.520609,27.611607,-22.38961,-28.154686,-22.376862,-15.155619
11.548826,-5.921897,-10.041435,15.876431,12.772415,-12.898029,16.399014,15.730686,-12.909289,-16.37419,-12.994645,-8.625935
16.674974,-9.007212,-14.617821,22.855421,18.650475,-18.621117,23.758547,23.029594,-18.76179,-23.641033,-18.71064,-12.567382
37.211224,-20.849442,-33.150635,51.826653,42.382458,-42.18301,54.530605,52.606853,-42.229538,-53.426308,-42.661472,-28.790596
30.218195,-17.337067,-26.723589,41.50462,34.43936,-33.72044,44.04672,42.74661,-34.383034,-43.235195,-34.308662,-23.090767
37.92502,-21.315517,-33.433758,51.86491,42.8402,-42.215324,54.477795,52.97722,-42.992496,-53.91217,-42.572857,-28.657764
21.05982,-11.423858,-18.708393,29.476364,23.90046,-23.964989,30.713022,29.589603,-23.877575,-30.23732,-24.13333,-16.305855
23.848446,-13.154789,-21.27215,33.220253,27.12862,-27.105799,34.806892,33.607662,-27.105396,-34.280643,-27.305616,-18.45828
19.201107,-10.270035,-16.839903,26.466381,21.468513,-21.489527,27.346087,26.390928,-21.625454,-27.250303,-21.587893,-14.459404
72.98726,-40.352524,-64.2184,99.630585,81.54172,-81.37702,103.84579,100.93468,-81.93029,-102.997215,-81.50744,-55.407894
80.537735,-44.441525,-70.70752,109.87182,89.79473,-89.59101,114.348076,111.06554,-90.21153,-113.48056,-89.78098,-61.021755
19.395288,-10.390335,-17.023848,26.770943,21.698942,-21.753428,27.698652,26.714725,-21.812498,-27.529959,-21.840288,-14.707079
15.953212,-8.413955,-14.0523205,22.17543,17.896729,-17.997715,22.985764,22.108612,-17.98478,-22.761833,-18.095163,-12.218409
11.795079,-6.14404,-10.3432,16.54103,13.256298,-13.312482,17.022543,16.247475,-13.291945,-16.938814,-13.539821,-8.927093
40.328285,-22.211342,-35.664974,55.5947,45.452824,-45.317646,57.97361,56.230797,-45.648518,-57.39912,-45.493557,-30.73576
39.58311,-22.028152,-34.739967,54.024685,44.36956,-43.9704,56.30562,54.739006,-44.634693,-56.011703,-44.15287,-29.761457
24.750954,-13.269661,-21.97389,34.53917,27.957815,-28.061457,35.796547,34.52146,-28.142014,-35.43591,-28.134296,-18.96039
26.234936,-14.217782,-23.226957,36.510834,29.609568,-29.688839,37.968456,36.62518,-29.73373,-37.48935,-29.856312,-20.12176
16.430346,-8.672145,-14.262619,22.584295,18.261496,-18.414547,23.351543,22.45374,-18.419825,-23.250038,-18.456663,-12.389816
36.578968,-19.876698,-31.890327,49.50947,40.349487,-40.30051,51.324654,49.870853,-40.584503,-51.119884,-40.47299,-27.40082
75.22945,-41.33543,-66.48319,103.26246,84.30627,-84.286095,107.30956,104.316345,-84.89021,-106.53043,-84.23095,-57.149284
36.896477,-20.14106,-32.156334,49.851025,40.727512,-40.632584,51.768055,50.33576,-40.93552,-51.562466,-40.804394,-27.645964
4.894009,-2.4565623,-4.1794276,6.81497,5.4322653,-5.454726,7.108586,6.7321057,-5.4352927,-7.0545936,-5.697776,-3.6860256
10.645087,-5.6766734,-9.331864,14.617466,11.900826,-11.921244,15.276974,14.786985,-11.916022,-15.124679,-12.0599785,-8.080743
37.713333,-20.656944,-32.995422,51.18514,41.807842,-41.67519,53.188293,51.724266,-41.988064,-52.904816,-41.897522,-28.402279
56.55553,-31.69941,-50.345234,78.38337,64.281784,-63.94825,82.41013,79.79692,-64.28856,-81.01651,-64.40288,-43.643982
16.395338,-8.553583,-14.472372,23.007372,18.423195,-18.692047,23.740309,22.686132,-18.637596,-23.525848,-18.760027,-12.552862
21.042505,-11.391707,-18.531937,29.117483,23.640152,-23.741135,30.37058,29.283321,-23.729683,-29.991234,-23.923632,-16.087963
34.67005,-19.997852,-30.577007,47.429638,39.49062,-38.5279,50.441784,48.94406,-39.35253,-49.504757,-39.242626,-26.409779
20.104782,-10.787036,-17.793509,28.005138,22.710484,-22.802776,29.184172,28.127245,-22.805084,-28.790895,-22.952684,-15.464679
18.067461,-9.78534,-15.967541,25.06216,20.386368,-20.36633,26.121078,25.20893,-20.406425,-25.825167,-20.543222,-13.851188
79.693344,-45.328094,-69.682625,107.858795,89.37469,-87.725945,113.54095,110.65921,-89.56417,-112.32563,-88.60771,-59.9999
19.225311,-10.229303,-16.874075,26.418297,21.428947,-21.46993,27.287842,26.368818,-21.597109,-27.218208,-21.55327,-14.43737
5.85676,-3.066217,-5.053833,8.077826,6.555257,-6.4750967,8.525159,8.1338005,-6.5107894,-8.322832,-6.733708,-4.4294524
35.331436,-19.226862,-31.052967,48.177746,39.274315,-39.295856,49.946957,48.59202,-39.569595,-49.70677,-39.329124,-26.650892
11.392469,-5.988421,-9.931082,15.813155,12.726694,-12.766506,16.39591,15.709965,-12.710207,-16.256632,-12.997401,-8.659449
79.73153,-45.68529,-69.627235,107.68334,89.53089,-87.64898,113.6532,110.791855,-89.60481,-112.40019,-88.59817,-60.101856
49.310104,-27.587547,-43.761833,68.17117,55.939003,-55.618862,71.732056,69.456696,-55.891346,-70.51889,-56.03483,-38.062496
3.3174329,-1.4827125,-2.7489517,4.497602,3.6205776,-3.6165428,4.660289,4.3180685,-3.5637555,-4.775116,-3.7774014,-2.4215186
16.64204,-8.893322,-14.761614,23.241743,18.763561,-18.94712,24.056995,23.222483,-18.923063,-23.855795,-18.972656,-12.70815
13.438965,-7.109089,-11.8314495,18.766233,15.172895,-15.210078,19.530725,18.772945,-15.180439,-19.231647,-15.397068,-10.311313
87.957184,-48.89359,-76.94264,119.395226,97.843094,-97.22512,124.67401,121.21404,-97.971985,-123.42042,-97.87098,-66.618904
40.279854,-22.384346,-35.461445,55.142395,45.27175,-44.95425,57.490623,55.883347,-45.51091,-57.161327,-45.04376,-30.459187
11.260131,-5.9685926,-9.960465,15.7338085,12.767609,-12.843473,16.44212,15.808448,-12.821493,-16.25756,-12.976549,-8.642156
45.967747,-25.69617,-40.880444,63.653465,52.16944,-51.802097,66.93001,64.82028,-52.02664,-65.7076,-52.379856,-35.432335
13.003867,-6.837402,-11.414103,18.166489,14.656379,-14.594511,18.817007,18.110558,-14.674531,-18.569494,-14.849249,-9.899916
16.282227,-8.599636,-14.241724,22.368553,18.086107,-18.19071,23.0553,22.227135,-18.294294,-23.026997,-18.223103,-12.171801
29.21764,-15.831256,-25.628162,39.77157,32.41591,-32.491375,41.29782,40.05207,-32.65633,-41.115303,-32.55613,-22.003658
18.751492,-10.171472,-16.630344,26.168947,21.265781,-21.259768,27.276245,26.295029,-21.284796,-26.90017,-21.42333,-14.449627
30.301483,-16.614655,-27.051739,42.349953,34.46495,-34.534096,44.258774,42.80962,-34.545578,-43.58386,-34.6926,-23.470358
22.062162,-11.9308605,-19.419731,30.289593,24.624414,-24.66345,31.421555,30.430107,-24.73763,-31.209513,-24.766758,-16.710295
17.723202,-9.433652,-15.540236,24.38212,19.718618,-19.815807,25.179396,24.265537,-19.826033,-25.096233,-19.912535,-13.322666
10.857711,-5.6312737,-9.4203415,14.808613,12.010507,-12.01276,15.2836485,14.7346,-12.155434,-15.326355,-12.089908,-7.992945
24.642561,-13.318452,-21.65792,33.903816,27.540182,-27.642447,35.1539,33.978954,-27.72751,-34.94072,-27.678246,-18.633276
15.998998,-8.684225,-14.172144,22.297762,18.151457,-18.13788,23.23385,22.409515,-18.179281,-22.962957,-18.2772,-12.3118515
11.6103525,-6.0702066,-10.186576,16.057486,12.966336,-13.090338,16.623201,16.005634,-13.04411,-16.57508,-13.178498,-8.816944
39.05727,-21.380342,-34.33795,53.456146,43.62679,-43.540688,55.440357,53.890484,-43.98357,-55.16988,-43.57174,-29.464546
15.771544,-8.537801,-13.853777,21.749437,17.734291,-17.68132,22.618155,21.867653,-17.839123,-22.52021,-17.817314,-11.94021
19.67362,-10.429733,-17.257587,27.109179,21.934883,-22.08304,28.027107,27.03931,-22.149267,-27.900455,-22.116175,-14.798182
6.736428,-3.519383,-5.737021,9.164791,7.425473,-7.3958673,9.535242,9.12151,-7.3662324,-9.502349,-7.622884,-5.0447583
3.4875615,-1.6228013,-2.8540246,4.85393,3.8450556,-3.8011398,5.013631,4.579174,-3.782258,-5.084467,-4.0461593,-2.5140374
10.212229,-5.3701572,-8.933926,14.201164,11.479443,-11.489336,14.712486,14.100899,-11.501664,-14.651256,-11.622263,-7.7094913
22.7407,-12.41926,-20.210222,31.632172,25.769169,-25.803217,33.014458,31.906391,-25.843315,-32.579773,-25.89917,-17.457943
2.6019964,-1.0395381,-2.171865,3.6882806,2.890584,-2.934939,3.7726922,3.4359448,-2.9112942,-3.9039884,-3.0854402,-1.9599268
17.886152,-9.698972,-15.979761,25.01776,20.327568,-20.357533,25.976173,25.162819,-20.443684,-25.68821,-20.447206,-13.748624
15.820149,-8.417829,-13.889266,21.675503,17.609707,-17.663763,22.545479,21.765453,-17.720081,-22.346193,-17.796919,-11.935134
30.543499,-17.720474,-26.847563,41.721817,34.78717,-33.79536,44.379536,43.032978,-34.666035,-43.612537,-34.519096,-23.147917
34.10462,-18.710705,-29.883383,46.440155,37.98804,-37.884525,48.382114,47.000492,-38.122215,-48.041027,-38.018402,-25.822054
50.372887,-27.86845,-44.663853,69.46951,56.86022,-56.698902,72.58109,70.48612,-57.151802,-71.77177,-56.81623,-38.473873
14.964237,-7.9867063,-13.077122,20.437458,16.608107,-16.661362,21.180069,20.502174,-16.735022,-21.12805,-16.77971,-11.19389
46.530758,-25.489355,-40.73896,63.19022,51.64659,-51.466713,65.700066,63.933796,-51.90358,-65.29268,-51.65477,-35.09426
66.68474,-36.623684,-58.733704,91.236046,74.56943,-74.41888,94.956,92.25664,-74.94514,-94.22548,-74.54137,-50.632374
8.830768,-4.4407797,-7.6574984,12.308833,9.779297,-9.865284,12.669984,11.98762,-9.799793,-12.629901,-10.142377,-6.6173773
46.62058,-26.540634,-40.85908,63.29012,52.496094,-51.40227,66.622795,64.92314,-52.707542,-66.004875,-52.010498,-34.875744
85.92196,-47.60798,-75.26815,116.84172,95.7486,-95.261856,121.9681,118.449776,-96.07768,-120.90782,-95.6807,-64.973404
19.405432,-10.468017,-17.171463,26.860909,21.885637,-21.881483,27.82272,27.030651,-22.066525,-27.724129,-21.868477,-14.700061
29.61069,-15.88899,-26.147968,40.773865,33.11848,-33.270077,42.21852,40.867313,-33.45703,-42.02121,-33.19631,-22.431795
19.162592,-10.379574,-16.927336,26.597977,21.663982,-21.677143,27.7764,26.794533,-21.703299,-27.440542,-21.785011,-14.808771
45.812088,-25.671242,-40.657562,63.367508,51.93105,-51.558895,66.67453,64.52018,-51.75734,-65.39639,-52.18181,-35.358578
35.892544,-19.487617,-31.317974,48.462368,39.516205,-39.535423,50.269863,48.913456,-39.77695,-50.075905,-39.651386,-26.895247
13.040151,-6.8811903,-11.571495,18.301018,14.726105,-14.800391,18.927277,18.20076,-14.848505,-18.792006,-14.938188,-9.972935
14.640936,-7.7781854,-12.744009,20.11281,16.362734,-16.316202,20.912249,20.224789,-16.384985,-20.727167,-16.454395,-11.125158
10.941364,-5.828309,-9.406369,14.829308,12.022441,-12.016798,15.331945,14.76107,-12.034085,-15.372274,-12.197069,-8.11216
23.363205,-12.701047,-20.274078,31.579466,25.757599,-25.683508,32.767944,31.78093,-25.878414,-32.645176,-25.888597,-17.473827
35.377853,-19.36837,-31.16628,48.458473,39.59918,-39.523438,50.359253,48.9681,-39.85593,-50.0839,-39.550938,-26.80337
25.414536,-13.682634,-22.404501,35.113575,28.459238,-28.576591,36.38345,35.21295,-28.691933,-36.06264,-28.628359,-19.251808
15.6455555,-8.427636,-13.910885,21.839497,17.72306,-17.802658,22.78663,21.930393,-17.772743,-22.471123,-17.922415,-12.013175
28.135061,-15.269331,-24.910543,39.013527,31.670393,-31.77145,40.498837,39.19329,-31.881569,-40.1521,-31.824469,-21.491636
3.0785813,-1.4334265,-2.4920905,4.206008,3.3931432,-3.262529,4.39192,4.0637984,-3.332405,-4.3803005,-3.5231838,-2.2411973
14.709204,-7.739129,-12.924688,20.531746,16.48457,-16.672956,21.366623,20.469181,-16.541382,-21.016443,-16.889986,-11.294344
26.556602,-15.136013,-23.406393,36.4171,30.201754,-29.524115,38.573845,37.427433,-30.158417,-37.922886,-30.035002,-20.212904
50.676514,-29.084856,-44.649837,69.15715,57.461838,-56.222416,73.19092,71.208916,-57.427727,-72.09399,-56.992138,-38.341755
29.178082,-16.143612,-25.943369,40.581413,33.18941,-33.100826,42.480156,41.101696,-33.18631,-41.929768,-33.26962,-22.497526
38.991745,-21.26222,-34.414524,53.48767,43.614147,-43.677708,55.600574,53.995586,-43.838284,-55.13406,-43.698235,-29.653208
27.795303,-15.091564,-24.521442,38.33114,31.20162,-31.166191,39.749474,38.54309,-31.38058,-39.46609,-31.268347,-21.096806
22.805998,-12.282048,-20.128998,31.354767,25.502539,-25.591442,32.462585,31.450527,-25.727081,-32.34245,-25.575756,-17.296556
14.102177,-7.4775934,-12.5155325,19.679186,15.926418,-16.113596,20.555494,19.807014,-16.011114,-20.311785,-16.184784,-10.92557
15.989446,-8.514869,-14.175714,22.340904,18.079432,-18.213251,23.20386,22.371292,-18.166052,-22.94882,-18.258862,-12.3381405
57.585945,-31.743938,-50.75766,78.74042,64.444496,-64.218216,81.973015,79.77022,-64.92276,-81.415794,-64.30009,-43.4375
17.75803,-9.629509,-15.604421,24.397509,19.857256,-19.889791,25.314728,24.518017,-19.986858,-25.220444,-19.975357,-13.393087
24.379684,-13.093935,-21.494268,33.64009,27.30962,-27.395676,34.85691,33.751934,-27.497292,-34.62562,-27.433111,-18.488075
36.62223,-20.043928,-32.322735,50.449127,41.145256,-41.06893,52.504215,50.889397,-41.357952,-51.965096,-41.187828,-27.864334
18.393747,-9.978494,-16.29937,25.681044,20.876375,-20.886246,26.817429,25.849289,-20.912388,-26.40889,-21.05446,-14.215404
15.236209,-8.136464,-13.259373,20.747387,16.856043,-16.870358,21.442,20.78407,-16.98121,-21.401356,-16.955002,-11.406069
13.323765,-7.02214,-11.651778,18.248037,14.814391,-14.891511,18.906908,18.23084,-14.964453,-18.85791,-14.915358,-9.936875
51.037968,-28.166647,-45.370087,70.79395,57.78835,-57.71463,73.989334,71.68104,-58.02866,-72.96608,-57.907246,-39.184525
9.819356,-5.0289483,-8.536068,13.693231,10.978812,-11.043982,14.105978,13.4,-11.037323,-14.134136,-11.221205,-7.4309034
21.509571,-11.680925,-18.951618,29.70638,24.147146,-24.174282,30.775759,29.761442,-24.317225,-30.687088,-24.222874,-16.28517
10.3657875,-5.429824,-9.217368,14.577134,11.732432,-11.842684,15.060108,14.469987,-11.796411,-14.928273,-11.896741,-7.950582
26.515785,-14.354659,-23.459417,36.76312,29.880322,-30.010214,38.298046,37.02736,-30.089071,-37.874874,-30.054415,-20.256702
2.4365726,-1.1266947,-2.0189314,3.419751,2.7210116,-2.6475093,3.4863412,3.1704764,-2.7040875,-3.5882905,-2.829329,-1.7571628
28.486397,-15.424347,-25.159054,39.26354,31.926666,-32.046356,40.78279,39.47674,-32.19928,-40.46419,-32.082882,-21.62166
70.3643,-38.73478,-61.792267,96.00223,78.453835,-78.39838,99.97619,97.06812,-78.80835,-99.19921,-78.518936,-53.30037
20.284124,-10.81543,-17.82612,27.982141,22.645931,-22.739939,28.924547,27.879185,-22.87209,-28.820253,-22.796383,-15.329267
11.096501,-5.845999,-9.631194,15.22087,12.374052,-12.399253,15.842417,15.230642,-12.41047,-15.746658,-12.489484,-8.357552
5.810155,-2.976453,-5.1076875,8.082143,6.541976,-6.5693207,8.39095,8.00661,-6.5401587,-8.398801,-6.7009225,-4.459484
12.001904,-6.180246,-10.367434,16.48007,13.254405,-13.352141,17.089785,16.28427,-13.314166,-17.006815,-13.5298,-9.03237
23.53256,-12.9512,-20.781849,32.343388,26.559452,-26.35039,33.75517,32.794205,-26.722452,-33.530746,-26.461351,-17.830984
28.89894,-15.659059,-25.405249,39.729572,32.30374,-32.354454,41.21996,39.88075,-32.525993,-40.923172,-32.43963,-21.827032
19.121868,-10.334908,-16.991772,26.644611,21.613579,-21.679438,27.695278,26.753616,-21.725376,-27.39406,-21.769053,-14.662884
30.180964,-16.531021,-26.965748,42.114056,34.340282,-34.303852,43.992344,42.62014,-34.461235,-43.36609,-34.44353,-23.289648
27.296192,-14.836382,-24.012875,37.343357,30.489998,-30.450865,38.818947,37.689754,-30.760714,-38.622387,-30.494438,-20.506433
39.974102,-22.201618,-35.521,55.418476,45.38433,-45.17732,58.191643,56.289677,-45.30219,-57.22859,-45.50616,-30.917084
18.099827,-9.536815,-16.092451,25.469809,20.457441,-20.7088,26.340984,25.32203,-20.628588,-26.060755,-20.776276,-13.922836
28.34569,-15.465966,-25.250618,39.409508,32.1394,-32.0955,41.208275,39.865833,-32.20244,-40.606274,-32.246433,-21.82826
47.574432,-26.567299,-42.254093,65.83269,53.897045,-53.580276,69.2011,66.967834,-53.754707,-67.9416,-54.124626,-36.726223
4.0489674,-1.6475635,-3.3803093,5.712393,4.374423,-4.5867634,5.7627945,5.2144012,-4.480625,-5.910877,-4.7643743,-3.0256076
15.369883,-8.594461,-13.551619,21.258644,17.51342,-17.248348,22.512062,21.701225,-17.435606,-22.109348,-17.628368,-11.70094
20.986488,-11.144976,-18.470627,29.041279,23.468502,-23.609673,30.076775,29.016693,-23.67092,-29.823597,-23.736856,-15.846488
14.424128,-7.8048067,-12.75764,20.075571,16.35639,-16.373919,20.949535,20.193424,-16.405571,-20.756975,-16.45271,-11.105521
37.008938,-20.272392,-32.38775,50.3108,41.09641,-41.007755,52.331234,50.837845,-41.280064,-51.966244,-41.149746,-27.896996
30.73606,-17.658623,-27.13342,42.10404,34.994045,-34.19005,44.736485,43.425304,-34.976547,-43.918156,-34.77994,-23.323044
5.7111616,-2.7526867,-4.927038,7.978475,6.344979,-6.431971,8.210805,7.704384,-6.4138303,-8.282681,-6.5884914,-4.2280254
15.7814665,-8.256674,-13.857056,21.818466,17.633478,-17.821817,22.645311,21.802868,-17.775328,-22.41258,-17.857296,-12.036388
33.180202,-19.114086,-29.284298,45.414787,37.81954,-36.88962,48.28301,46.8925,-37.7442,-47.42476,-37.523563,-25.301252
22.586279,-11.931473,-19.928318,31.282358,25.237535,-25.570925,32.287567,31.153517,-25.564594,-32.17474,-25.472836,-17.137749
14.755519,-7.899301,-13.035578,20.477776,16.595373,-16.704672,21.27322,20.497343,-16.719193,-21.121195,-16.738382,-11.262191
25.40626,-13.680587,-22.413061,34.93439,28.39683,-28.517628,36.15267,35.030193,-28.692162,-36.013924,-28.44873,-19.186445
25.962942,-14.166835,-23.114393,36.168034,29.464859,-29.509327,37.76657,36.51564,-29.529015,-37.26056,-29.595013,-20.055885
17.462795,-9.4779415,-15.511087,24.399801,19.854376,-19.815708,25.468248,24.634262,-19.855759,-25.151226,-19.990135,-13.4378805
9.791664,-5.0522804,-8.588017,13.706848,10.977041,-11.138377,14.226143,13.570299,-11.064864,-14.071496,-11.292984,-7.4637866
23.125448,-12.514717,-20.11048,31.278406,25.506598,-25.479729,32.436935,31.45618,-25.673782,-32.40346,-25.566906,-17.280817
24.444805,-12.997618,-21.52666,33.715263,27.277044,-27.47097,34.812435,33.6491,-27.521019,-34.671654,-27.439634,-18.52314
9.863699,-5.113928,-8.637532,13.723617,11.120723,-11.113015,14.279054,13.647888,-11.095172,-14.122033,-11.308858,-7.5520997
9.9193325,-5.1361084,-8.688159,13.852348,11.139889,-11.270103,14.340871,13.656431,-11.165188,-14.278034,-11.358064,-7.533981
13.193381,-6.9807224,-11.699217,18.383038,14.879903,-14.967509,19.080372,18.39123,-15.003861,-18.90677,-15.054222,-10.0652895
45.704185,-24.828081,-39.94146,62.12011,50.62508,-50.63868,64.441795,62.607315,-50.921227,-64.07693,-50.717518,-34.478394
37.983578,-20.862167,-33.171204,51.49357,42.16377,-41.955444,53.576096,52.18368,-42.31023,-53.26372,-42.12633,-28.618477
13.8629675,-7.3064446,-12.28047,19.389297,15.688186,-15.771881,20.170221,19.377739,-15.715115,-19.930912,-15.896295,-10.711265
28.681494,-15.5756445,-25.370127,39.64394,32.284023,-32.360962,41.292957,39.99954,-32.491158,-40.87539,-32.40888,-21.950394
11.48397,-5.932558,-10.04529,15.895361,12.843114,-12.940196,16.449036,15.734129,-12.958243,-16.404406,-13.002419,-8.691799
27.356201,-14.78664,-24.109543,37.635853,30.56704,-30.684938,39.045074,37.81207,-30.826008,-38.78288,-30.699244,-20.67221
21.431011,-11.776002,-19.00698,29.819315,24.343462,-24.299078,31.166843,30.053116,-24.358341,-30.801771,-24.443861,-16.414677
17.434961,-9.372295,-15.360709,23.986597,19.572182,-19.566921,24.948967,24.162209,-19.701658,-24.764086,-19.620743,-13.198738
16.322824,-8.673058,-14.377323,22.651924,18.27578,-18.436441,23.440248,22.521242,-18.328753,-23.260946,-18.567064,-12.384744
59.53346,-32.797398,-52.512707,81.6949,66.75362,-66.656845,85.24213,82.64155,-67.02252,-84.35181,-66.82556,-45.404133
17.535442,-9.265954,-15.512089,24.467388,19.763222,-19.923855,25.394335,24.475395,-19.863396,-25.07945,-20.00822,-13.427436
22.337652,-11.8933325,-19.661041,30.686092,24.923496,-25.046045,31.808804,30.779724,-25.207115,-31.65974,-25.02509,-16.836176
11.927469,-6.3173165,-10.370885,16.352982,13.315545,-13.2022915,16.963243,16.343227,-13.36538,-16.879175,-13.386602,-8.970526
23.751684,-12.880368,-21.060875,33.036568,26.872364,-26.920795,34.445045,33.233685,-26.998526,-34.094913,-27.049335,-18.194893
21.724928,-11.607074,-19.156404,29.95327,24.253138,-24.416021,31.00732,30.005062,-24.493216,-30.77888,-24.432943,-16.476189
64.15091,-35.821396,-57.04064,88.62597,72.62152,-72.20165,93.002716,90.168816,-72.58544,-91.4865,-72.782875,-49.308037
36.903214,-19.919088,-32.39043,50.32771,40.97365,-41.040867,52.153828,50.63041,-41.31704,-51.93107,-41.03123,-27.784256
41.930084,-23.018053,-37.27522,58.17983,47.433773,-47.456516,60.732395,58.816395,-47.63286,-59.95795,-47.54524,-32.209137
64.53022,-35.68794,-56.31596,87.30617,71.548,-71.17716,91.14366,88.66944,-71.72125,-90.37692,-71.61765,-48.792385
16.873451,-9.0876465,-14.7891245,23.245316,18.918781,-18.924837,24.228172,23.388786,-19.02397,-23.957937,-19.059412,-12.747446
12.724627,-6.8451157,-11.178871,17.539026,14.294472,-14.25401,18.169254,17.620657,-14.345041,-18.138336,-14.3607645,-9.624258
28.165823,-15.1794195,-24.785109,38.713257,31.471275,-31.609528,40.16102,38.874084,-31.745506,-39.90786,-31.588045,-21.330969
54.67653,-30.138544,-48.11352,74.74249,61.1802,-60.986286,78.01938,75.79896,-61.407097,-77.25253,-61.16119,-41.63317
58.928875,-32.589912,-51.79122,80.401596,65.894615,-65.50876,83.847404,81.54839,-66.27929,-83.19926,-65.735886,-44.472633
14.379724,-7.542324,-12.690433,19.990175,16.136517,-16.271866,20.700296,19.843658,-16.25499,-20.54717,-16.344294,-10.907724
21.700563,-11.663468,-19.003311,29.707264,24.151173,-24.180943,30.783543,29.724918,-24.348839,-30.658573,-24.269197,-16.273157
25.965805,-13.981944,-22.894848,35.752995,29.078506,-29.11381,37.069767,35.884724,-29.344313,-36.865734,-29.158941,-19.634644
8.338148,-4.254855,-7.166845,11.395029,9.188158,-9.284906,11.80857,11.326797,-9.318358,-11.788217,-9.32186,-6.2781115
23.484642,-12.899953,-20.945124,32.885746,26.74883,-26.71976,34.424076,33.175556,-26.698465,-33.77753,-27.009373,-18.16035
45.110878,-24.841387,-39.445766,61.262257,50.19277,-49.94794,63.87497,62.09728,-50.418877,-63.434036,-50.11437,-34.061394
28.660528,-15.495229,-25.184837,39.38849,32.02083,-32.076653,40.894825,39.516026,-32.211044,-40.601395,-32.157715,-21.69934
48.131058,-26.30148,-42.00296,65.22554,53.266033,-53.11271,67.77406,65.89731,-53.54727,-67.37751,-53.321095,-36.222725
35.001698,-18.99303,-30.525425,47.34074,38.640415,-38.58521,49.110184,47.729496,-38.852036,-48.95847,-38.675415,-26.25848
28.711903,-16.3897,-25.425909,39.468334,32.734646,-32.063393,41.852024,40.578167,-32.66488,-41.10879,-32.54763,-21.862646
40.17333,-21.821527,-35.23998,54.795773,44.634346,-44.74449,56.906113,55.1955,-45.030014,-56.600796,-44.751564,-30.301683
26.890924,-14.657512,-23.920874,37.456593,30.510761,-30.628729,39.14227,37.802002,-30.588112,-38.64042,-30.674898,-20.821573
19.899185,-10.579441,-17.467962,27.362295,22.208893,-22.294878,28.370527,27.372988,-22.433031,-28.18058,-22.32097,-15.00417
13.66898,-7.1153836,-12.080912,19.234312,15.428745,-15.592587,19.90576,19.033058,-15.478459,-19.662848,-15.70188,-10.501517
33.989544,-19.491764,-29.91608,46.34034,38.59158,-37.623055,49.242157,47.827282,-38.50338,-48.401016,-38.29252,-25.749905
67.93656,-38.14438,-60.403812,93.941925,77.13174,-76.51485,99.05347,95.84321,-76.93041,-97.10998,-77.30288,-52.34466
27.837196,-15.175826,-24.721045,38.70139,31.486496,-31.490076,40.354748,38.990513,-31.588898,-39.821888,-31.649803,-21.355003
22.677486,-12.027499,-20.01271,31.318146,25.356503,-25.55069,32.401993,31.253098,-25.600998,-32.272053,-25.537188,-17.21928
31.816202,-17.220716,-28.038149,43.732018,35.63258,-35.616364,45.351555,44.009953,-35.95759,-45.082104,-35.62386,-24.022982
39.911266,-22.2496,-35.556835,55.48688,45.427483,-45.187424,58.397495,56.416615,-45.31018,-57.268894,-45.65035,-30.864563
42.603867,-23.825756,-37.85871,59.02009,48.41078,-47.983635,62.19173,60.0935,-48.25595,-60.966198,-48.583954,-32.828262
36.897373,-20.085844,-32.586662,50.7014,41.292583,-41.328373,52.579353,51.053986,-41.613472,-52.236717,-41.351357,-27.92815
29.615696,-16.128397,-25.893457,40.29914,32.840134,-32.765797,41.75993,40.552532,-32.990982,-41.56663,-32.94054,-22.231438
12.990216,-6.7823358,-11.4005575,18.046757,14.542641,-14.678869,18.686502,17.9513,-14.698216,-18.561554,-14.753046,-9.889395
37.80758,-20.528067,-33.030678,51.295723,41.85319,-41.81109,53.234947,51.773735,-42.128967,-52.986034,-41.926197,-28.394648
46.867035,-27.107336,-41.24147,63.756027,53.25068,-51.772175,67.796844,66.01603,-53.181656,-66.6758,-52.64684,-35.357117
36.04052,-19.602291,-31.777002,49.441227,40.293224,-40.309452,51.31645,49.809086,-40.656376,-50.989338,-40.342453,-27.184042
91.82035,-51.144756,-80.64907,125.10395,102.62346,-101.87012,130.88322,127.06657,-102.617775,-129.33353,-102.657166,-69.747345
58.708927,-32.49807,-51.327393,79.607315,65.328224,-64.81763,83.15019,80.92699,-65.56763,-82.45731,-65.21729,-44.266743
18.21093,-9.664006,-15.882836,24.923115,20.21371,-20.250431,25.818571,24.939943,-20.387245,-25.680048,-20.344248,-13.716483
35.406227,-20.109741,-31.353128,48.587063,40.308002,-39.464973,51.387352,50.023228,-40.350296,-50.591694,-39.974895,-26.923706
14.15989,-7.4915175,-12.551792,19.82282,16.045128,-16.15405,20.656937,19.878637,-16.08156,-20.386202,-16.246151,-11.009239
17.232426,-9.131475,-15.177809,23.833178,19.277082,-19.386547,24.690632,23.764688,-19.35527,-24.521143,-19.465057,-13.035874
43.679195,-24.249758,-38.862843,60.546356,49.57085,-49.29819,63.55117,61.51448,-49.58061,-62.48344,-49.694546,-33.639103
19.630737,-10.534965,-17.43831,27.328184,22.184532,-22.330612,28.30861,27.441795,-22.367958,-28.11689,-22.262747,-15.001558
12.204139,-6.632686,-10.672695,16.841396,13.821087,-13.656443,17.67772,17.01356,-13.790634,-17.456928,-13.858835,-9.223718
28.435017,-15.310451,-25.190096,39.39076,31.920883,-32.091167,40.745285,39.47961,-32.208485,-40.423733,-32.091835,-21.586742
34.142414,-19.612553,-30.202667,46.72542,38.923748,-37.932148,49.65535,48.267868,-38.834217,-48.77255,-38.594353,-25.933058
10.430657,-5.5493727,-9.082228,14.384703,11.671128,-11.657988,14.9714,14.353402,-11.720198,-14.833159,-11.767125,-7.900077
10.7937,-5.678682,-9.511889,15.0632715,12.186201,-12.195207,15.641169,15.092751,-12.22411,-15.457715,-12.346473,-8.224593
6.501848,-3.305596,-5.612823,8.997225,7.216741,-7.3233905,9.288014,8.893689,-7.226759,-9.261661,-7.3983955,-4.9122043
31.097275,-17.75625,-27.546888,42.762005,35.45724,-34.69426,45.297703,43.958527,-35.334698,-44.523254,-35.27474,-23.71323
16.978344,-9.009289,-15.037486,23.646446,19.101286,-19.299347,24.571508,23.686817,-19.215107,-24.323746,-19.356684,-13.042426
45.251602,-24.803133,-39.682922,61.610847,50.364944,-50.20857,64.15498,62.34683,-50.632492,-63.68985,-50.395847,-34.111862
20.176615,-10.748286,-17.877459,28.065874,22.736153,-22.8937,29.144047,28.156563,-22.918184,-28.82695,-22.918396,-15.523918
25.538946,-13.622243,-22.500349,35.31423,28.573162,-28.774977,36.541557,35.32809,-28.84764,-36.285423,-28.794687,-19.383001
28.468822,-15.243934,-25.1381,39.100796,31.74491,-31.942577,40.470966,39.194843,-32.04627,-40.245262,-31.912243,-21.456856
44.48607,-24.332525,-39.20814,61.09191,49.805534,-49.718815,63.47548,61.512444,-50.116573,-62.988625,-49.83016,-33.66907
11.725178,-6.3432736,-10.392247,16.378237,13.280178,-13.393433,17.093855,16.411802,-13.340611,-16.937807,-13.472981,-9.076782
37.913685,-20.621435,-33.338486,51.933205,42.35741,-42.32574,53.88067,52.281696,-42.74397,-53.578968,-42.350555,-28.583435
34.351078,-18.617527,-29.965582,46.625267,37.966667,-37.94672,48.360237,47.015194,-38.19046,-48.09411,-38.0962,-25.843975
23.443811,-12.522595,-20.687132,32.445618,26.285887,-26.442636,33.568916,32.475616,-26.52185,-33.34799,-26.40395,-17.81807
15.590377,-8.143988,-13.661494,21.579206,17.449598,-17.565502,22.33123,21.494463,-17.55705,-22.205128,-17.638876,-11.839942
25.43223,-13.952737,-22.6031,35.358162,28.814682,-28.820833,36.969543,35.763348,-28.91257,-36.45974,-28.975231,-19.66849
15.960226,-8.386659,-13.997724,22.035213,17.798737,-17.905191,22.855623,21.95096,-17.947514,-22.683422,-18.03763,-12.057443
46.064747,-25.393122,-40.596573,63.01817,51.63973,-51.40097,65.65702,63.84897,-52.028965,-65.213745,-51.50279,-34.820663
19.27359,-10.405839,-16.92275,26.36051,21.496307,-21.531132,27.335373,26.547379,-21.625763,-27.234922,-21.543915,-14.613951
33.460835,-17.980972,-29.45946,46.052887,37.359222,-37.52081,47.66083,46.142246,-37.731384,-47.414204,-37.49665,-25.269361
49.759422,-28.02146,-43.826157,67.99968,56.150925,-55.29341,71.48227,69.476326,-56.36243,-70.66928,-55.788315,-37.556583
35.038586,-20.093105,-31.046541,48.22456,40.004654,-39.191204,51.127583,49.567783,-39.904224,-50.238,-39.805206,-26.779438
32.51017,-17.861526,-28.578287,44.439365,36.380016,-36.24755,46.328873,44.96991,-36.630043,-46.02646,-36.3973,-24.487661
9.401203,-5.0467978,-8.301636,13.173071,10.668686,-10.589684,13.674505,13.124033,-10.642631,-13.578289,-10.818128,-7.0823727
33.52163,-18.063604,-29.547474,46.087692,37.475834,-37.589684,47.780563,46.316204,-37.825466,-47.46969,-37.554714,-25.36729
35.163334,-19.508335,-31.247597,48.69056,39.87098,-39.650436,50.96671,49.39905,-39.98615,-50.331284,-39.901676,-26.90846
87.9891,-49.150322,-77.79585,120.72165,99.14932,-98.492424,126.91062,123.14078,-99.15239,-124.93074,-99.20226,-67.4032
18.67213,-10.174252,-16.487291,25.830288,21.049051,-21.002003,26.887589,26.02246,-21.130451,-26.704777,-21.135508,-14.145896
36.3025,-19.850876,-32.070427,49.743267,40.68995,-40.55938,51.74543,50.3175,-41.078068,-51.42238,-40.582012,-27.289377
31.877535,-17.43686,-27.936792,43.50849,35.603294,-35.41191,45.30828,44.025913,-35.85536,-45.0189,-35.548054,-23.965223
23.2739,-12.480974,-20.416224,31.95741,25.970259,-26.067614,33.210987,32.146545,-26.220871,-33.003036,-26.129871,-17.617247
56.67456,-31.337805,-49.982872,77.49088,63.614227,-63.192875,80.862076,78.73809,-64.158936,-80.320435,-63.28481,-42.745075
6.5210414,-3.282073,-5.744527,9.127151,7.3652153,-7.4544425,9.492559,9.03292,-7.387482,-9.432384,-7.5200744,-4.9450326
44.07292,-24.366217,-38.996002,60.667534,49.697365,-49.43285,63.40223,61.537155,-49.957,-62.73781,-49.615314,-33.471664
27.827297,-15.231512,-24.674051,38.667873,31.521929,-31.482197,40.506023,39.14647,-31.551765,-39.851036,-31.714941,-21.494768
32.402817,-17.638996,-28.679792,44.75075,36.429443,-36.426556,46.5824,45.081707,-36.61267,-46.090256,-36.530678,-24.725912
13.559509,-7.1709156,-12.001123,18.866777,15.277825,-15.41134,19.65931,18.957611,-15.351697,-19.444681,-15.491149,-10.409864
41.91122,-23.047487,-36.931114,57.364708,47.005,-46.74332,59.81914,58.17836,-47.381317,-59.37448,-46.86672,-31.574986
24.661045,-13.223583,-21.874214,34.284462,27.76818,-27.957504,35.552967,34.35458,-27.940645,-35.222775,-27.963198,-18.883875
46.501644,-25.465332,-41.194218,64.30027,52.429943,-52.494522,67.11587,64.94669,-52.709656,-66.30859,-52.534363,-35.625504
20.378405,-11.097741,-18.088785,28.27151,23.071878,-23.014858,29.535095,28.58834,-23.129414,-29.168232,-23.152014,-15.660677
29.6373,-16.172752,-26.3393,41.176067,33.506477,-33.569023,42.925552,41.539326,-33.64907,-42.36774,-33.678917,-22.767433
16.103487,-8.715846,-14.334346,22.478144,18.27271,-18.268211,23.45766,22.633863,-18.299566,-23.153864,-18.414944,-12.344195
38.71293,-20.884567,-33.79403,52.48313,42.735954,-42.79899,54.472366,52.92139,-43.106884,-54.18138,-42.87279,-29.029987
14.61179,-7.858063,-12.9139,20.358513,16.51206,-16.69346,21.374739,20.545694,-16.5147,-21.04852,-16.835384,-11.332223
29.046103,-15.64861,-25.538597,39.68144,32.308445,-32.36408,41.148163,39.98233,-32.580822,-40.959007,-32.367245,-21.828037
70.06153,-39.259495,-61.44477,95.2609,78.32929,-77.37744,100.21633,97.279465,-77.94892,-98.54815,-78.53757,-53.469673
15.754725,-8.197966,-13.835099,21.572805,17.471441,-17.63137,22.330927,21.549887,-17.676521,-22.256025,-17.661972,-11.840302
37.523834,-20.285715,-32.892838,51.01862,41.52084,-41.60856,52.90228,51.38503,-41.87275,-52.627094,-41.658897,-28.213003
13.02927,-6.7539563,-11.411583,17.945215,14.443087,-14.622774,18.388796,17.664125,-14.6439295,-18.510296,-14.633986,-9.731605
12.768334,-6.7873497,-11.214631,17.601248,14.302535,-14.257603,18.236967,17.625727,-14.360295,-18.16616,-14.398964,-9.68099
25.165192,-13.8333645,-22.38683,35.11136,28.617666,-28.550148,36.79642,35.52129,-28.643393,-36.17953,-28.811329,-19.468472
23.112333,-12.573929,-20.498854,32.07712,26.137678,-26.16883,33.592293,32.369423,-26.142504,-33.08322,-26.327667,-17.77851
15.150431,-7.9242506,-13.558838,21.312332,17.177944,-17.35186,21.979067,21.15381,-17.35797,-21.895218,-17.338663,-11.648825
16.872866,-9.013813,-14.939414,23.593525,19.126081,-19.183702,24.568966,23.63765,-19.16742,-24.24073,-19.286747,-12.966431
14.607668,-7.879071,-12.816606,20.150852,16.376503,-16.293009,20.965933,20.204811,-16.43822,-20.731926,-16.495338,-11.026543
38.136272,-20.773138,-33.351963,51.81547,42.24245,-42.192955,53.751263,52.263237,-42.449253,-53.524265,-42.348663,-28.7542
15.653042,-8.430126,-13.928906,21.815834,17.73974,-17.772604,22.761143,21.984486,-17.803991,-22.471785,-17.86627,-12.075772
39.617603,-21.788828,-35.062595,54.593834,44.58942,-44.53878,56.910446,55.18678,-44.860134,-56.415104,-44.649887,-30.09933
20.104027,-10.84854,-17.533346,27.2977,22.237463,-22.150557,28.31615,27.427896,-22.376945,-28.180399,-22.317442,-15.029401
25.332502,-14.007567,-22.375479,34.904797,28.605762,-28.39044,36.623417,35.35551,-28.54329,-36.113117,-28.685276,-19.383898
32.10867,-17.315361,-28.330774,44.02211,35.870552,-36.009575,45.822685,44.46844,-36.18201,-45.423878,-35.98954,-24.289783
54.66824,-30.041145,-48.077644,74.654465,61.058044,-60.827545,77.74355,75.53762,-61.35283,-77.16045,-61.007946,-41.36908
43.849834,-23.942554,-38.529247,59.824913,48.851276,-48.815754,62.346107,60.51985,-49.182724,-61.797836,-48.94626,-33.117588
2.1006653,-0.92056584,-1.6835333,2.9213073,2.326001,-2.3475056,3.1409726,2.7848556,-2.2586381,-3.0779476,-2.5412278,-1.5709827
3.6245341,-1.5693094,-3.0514376,5.053683,3.9755216,-4.060881,5.164194,4.8091464,-3.960823,-5.2236485,-4.185333,-2.7378337
13.974854,-7.2898617,-12.283144,19.329687,15.590703,-15.720181,19.922245,19.130114,-15.734695,-19.871714,-15.767888,-10.522319
15.717349,-8.339782,-13.903909,21.902493,17.688318,-17.775896,22.714003,21.901453,-17.809841,-22.468935,-17.883038,-12.057632
47.420612,-26.421848,-42.172268,65.72748,53.842712,-53.48787,69.15062,66.79278,-53.69869,-67.86392,-54.065815,-36.55817
15.065254,-8.024307,-13.322075,20.88309,16.91682,-17.040518,21.678555,20.9175,-17.016584,-21.47543,-17.085941,-11.479224
16.317402,-8.713056,-14.340786,22.46923,18.20407,-18.273941,23.22647,22.461687,-18.358334,-23.13318,-18.360113,-12.234692
36.246162,-19.671703,-31.705812,49.112743,40.11345,-40.02795,51.00998,49.65196,-40.356518,-50.761917,-40.1287,-27.26251
27.120848,-14.569143,-23.880493,37.219627,30.270887,-30.338419,38.520184,37.302696,-30.554432,-38.381496,-30.299421,-20.411875
21.617374,-11.599482,-19.004807,29.759445,24.21598,-24.263317,30.956573,29.953371,-24.399994,-30.71057,-24.324417,-16.434511
33.517525,-18.071737,-29.534962,45.931976,37.38633,-37.4914,47.608208,46.194942,-37.753883,-47.376255,-37.42547,-25.21302
16.25206,-8.74419,-14.455571,22.665588,18.444338,-18.501945,23.715086,22.901588,-18.518692,-23.375265,-18.565327,-12.561489
30.366205,-16.470825,-26.718767,41.69051,33.980843,-33.94757,43.172787,41.83598,-34.25367,-43.013756,-33.941475,-22.883802
16.988276,-8.917811,-15.018558,23.709232,19.081446,-19.23622,24.505753,23.578106,-19.22691,-24.294264,-19.321903,-12.981922
20.612482,-11.266582,-18.30742,28.702507,23.40536,-23.392038,29.945639,28.935041,-23.483414,-29.640429,-23.475853,-15.789185
52.30674,-28.535423,-45.661205,70.911476,57.920345,-57.801266,73.80347,71.72188,-58.22838,-73.25943,-57.976837,-39.46234
35.441402,-19.316488,-31.19116,48.65319,39.662724,-39.636417,50.70114,49.15817,-39.841812,-50.19354,-39.791718,-26.991186
48.04047,-26.303673,-41.92867,64.999954,53.16578,-53.011993,67.67154,65.787704,-53.390366,-67.23173,-53.211514,-36.13346
26.205889,-14.102543,-23.126667,35.947704,29.213509,-29.353186,37.24554,36.13247,-29.474949,-37.06686,-29.350977,-19.756054
27.028858,-14.758127,-23.727402,37.031055,30.28874,-30.101477,38.56436,37.34971,-30.479052,-38.32606,-30.266111,-20.31751
25.898994,-13.850574,-22.832882,35.643433,28.908392,-29.102587,36.8495,35.62109,-29.282995,-36.75203,-29.000784,-19.531841
10.305415,-5.220145,-9.012885,14.427241,11.512748,-11.689287,14.97913,14.2184305,-11.592241,-14.8180685,-11.851243,-7.858912
67.25653,-37.741722,-59.7275,92.87426,76.29392,-75.62789,97.94776,94.80843,-76.08443,-95.995476,-76.43748,-51.897785
35.54945,-19.231295,-31.335403,48.885426,39.766777,-39.786255,50.541027,49.042324,-40.126095,-50.322292,-39.762177,-26.793583
40.762676,-22.067406,-35.90426,55.80793,45.491634,-45.52524,58.046257,56.312332,-45.844307,-57.581184,-45.525898,-30.81271
35.69284,-19.263144,-31.54005,49.2155,39.987038,-40.160076,51.075535,49.456104,-40.374542,-50.69123,-40.120342,-26.98718
28.502386,-15.4298725,-25.172508,39.058987,31.896229,-31.924673,40.60782,39.425465,-32.147133,-40.364464,-31.896004,-21.58762
27.344526,-14.896795,-24.092764,37.59018,30.640894,-30.66162,39.093983,37.8669,-30.8713,-38.80813,-30.692818,-20.7599
18.533669,-10.14031,-16.310362,25.505266,20.894346,-20.74795,26.698298,25.833267,-20.984713,-26.461437,-20.9395,-13.998885
16.008589,-8.362434,-14.04082,22.1961,17.859003,-18.004328,22.935858,22.027302,-18.042255,-22.809502,-18.11267,-12.092237
53.70907,-29.333048,-47.25048,73.54167,60.069283,-60.0101,76.626434,74.31249,-60.576504,-76.00166,-60.046032,-40.60867
44.659836,-24.738386,-39.26712,60.898052,50.066628,-49.590397,63.634518,61.91034,-50.45959,-63.15627,-49.769833,-33.56682
22.82497,-12.268264,-20.159851,31.650814,25.661058,-25.756557,32.82813,31.733023,-25.871284,-32.552223,-25.800312,-17.370827
37.68718,-20.828817,-33.450386,52.084377,42.668118,-42.394196,54.701603,52.94287,-42.681816,-53.79002,-42.7671,-28.890657
66.67851,-36.648632,-58.169243,90.278076,73.89627,-73.53983,94.21066,91.59638,-74.16112,-93.38317,-73.94934,-50.329453
17.504889,-9.159183,-15.354267,24.007109,19.46937,-19.580364,24.917772,24.065643,-19.71654,-24.770504,-19.566727,-13.219689
15.0379095,-7.8741894,-13.103203,20.5726,16.652958,-16.752562,21.25466,20.480736,-16.83957,-21.274675,-16.800941,-11.238001
16.637047,-8.868207,-14.7467575,23.161318,18.778666,-18.89259,24.142836,23.315908,-18.94238,-23.789679,-18.961159,-12.736046
30.352247,-16.410103,-27.076237,42.382954,34.40826,-34.642605,44.13975,42.707924,-34.615578,-43.567318,-34.597378,-23.388557
30.412958,-16.331385,-26.57622,41.274,33.634644,-33.68278,42.816185,41.50162,-33.907948,-42.679443,-33.699974,-22.77932
25.226997,-13.722156,-22.179907,34.620037,28.298986,-28.228964,36.182453,35.060364,-28.518867,-35.857944,-28.354269,-19.050287
1.3171288,-0.47535378,-0.9928554,1.7947414,1.419949,-1.3665234,1.9050678,1.5905406,-1.3951274,-1.9774597,-1.5838896,-0.8660523
46.135174,-25.649067,-41.048428,63.843414,52.33697,-52.019024,67.19552,65.00998,-52.24906,-65.94377,-52.5286,-35.557457
9.373491,-4.878443,-8.1752825,13.169105,10.558204,-10.595163,13.644047,13.033317,-10.554179,-13.492433,-10.810746,-7.2102323
20.484966,-10.96431,-18.124706,28.368885,23.004002,-23.070444,29.420635,28.445955,-23.192514,-29.218134,-23.149288,-15.48062
18.044577,-9.606304,-15.820185,24.745226,20.1084,-20.13935,25.651207,24.880667,-20.278233,-25.505302,-20.189362,-13.617206
22.544651,-12.048356,-19.8992,31.032564,25.220934,-25.232996,32.191372,31.176952,-25.430254,-31.95674,-25.32178,-16.93235
30.363308,-17.412857,-26.773188,41.535236,34.55942,-33.725887,44.16731,42.86947,-34.47832,-43.3431,-34.329666,-23.024326
30.397976,-16.57266,-27.067818,42.271782,34.444675,-34.512177,44.214005,42.777954,-34.56909,-43.56673,-34.612473,-23.435
46.831406,-25.957903,-41.611805,64.89862,53.10026,-52.87393,68.3062,66.05662,-53.043056,-66.96682,-53.35235,-36.188046
32.645813,-17.558578,-28.81823,44.998055,36.54569,-36.69948,46.67044,45.210148,-36.843815,-46.32668,-36.703167,-24.773062
86.022606,-47.53168,-75.71821,117.36588,96.24545,-95.73996,122.542534,119.233986,-96.8984,-121.490166,-95.93395,-64.97166
37.561047,-20.806772,-33.490086,52.175217,42.660084,-42.49405,54.812202,53.07256,-42.6237,-53.81209,-42.884514,-29.024334
18.358067,-9.723958,-16.072506,25.195135,20.396593,-20.54286,26.0273,25.119429,-20.643309,-25.973768,-20.58403,-13.773249
13.028174,-6.842259,-11.52608,18.212439,14.691606,-14.780823,18.909246,18.173464,-14.822922,-18.690798,-14.866568,-9.949125
28.205427,-15.487362,-25.124254,39.163654,32.05285,-32.04357,41.123127,39.811172,-32.099903,-40.503635,-32.152843,-21.760315
16.938457,-8.904264,-14.821521,23.323702,18.826218,-19.003754,24.112932,23.234947,-19.043398,-24.016615,-19.03618,-12.78145
29.92919,-16.37445,-26.603058,41.539772,33.942333,-33.870167,43.3768,42.021954,-34.152218,-42.87232,-33.960964,-22.92077
31.33736,-17.01806,-27.577513,42.992855,35.079845,-35.047367,44.81626,43.428814,-35.321934,-44.405247,-35.16044,-23.78951
39.883263,-22.197056,-35.43877,55.247646,45.285126,-44.939327,58.18937,56.267776,-45.20621,-57.063663,-45.45987,-30.66201
13.715503,-7.231695,-12.125634,19.02693,15.38714,-15.441479,19.671833,19.011345,-15.492758,-19.565008,-15.568032,-10.349345
30.115812,-16.26435,-26.463034,41.343956,33.636932,-33.71856,42.948887,41.54864,-33.85265,-42.6434,-33.77428,-22.788061
29.667353,-15.937683,-26.19423,40.881462,33.20882,-33.37793,42.371937,41.026962,-33.605095,-42.188934,-33.332798,-22.423595
63.564636,-34.70064,-55.97665,86.94714,70.99915,-70.93314,90.408424,87.841606,-71.49831,-89.75585,-70.93214,-48.069485
16.19809,-8.7201,-14.411271,22.670753,18.423038,-18.395504,23.630228,22.846582,-18.511475,-23.26371,-18.530468,-12.408988
12.70074,-6.68651,-11.294451,17.83977,14.372016,-14.518727,18.49715,17.81584,-14.468784,-18.2786,-14.580595,-9.792767
66.52074,-36.60759,-58.567654,90.91608,74.363,-74.05218,94.884346,92.19769,-74.64872,-93.88742,-74.41413,-50.471024
42.7271,-23.785805,-38.05272,59.163345,48.552204,-48.299133,62.28381,60.33751,-48.59211,-61.194286,-48.616383,-32.94958
62.774727,-34.148487,-55.407024,86.14035,70.222244,-70.30335,89.6571,87.04007,-70.74447,-88.84025,-70.293335,-47.703888
28.261047,-15.448687,-24.79676,38.51991,31.565153,-31.425581,40.204086,39.0943,-31.83519,-39.954758,-31.530172,-21.250603
42.83704,-23.14595,-37.84726,58.889492,47.953236,-48.05817,61.156956,59.354267,-48.336414,-60.662914,-48.01551,-32.529205
26.66106,-14.650587,-23.685247,36.993202,30.271544,-30.184946,38.729847,37.479908,-30.33296,-38.24638,-30.278467,-20.525562
24.9887,-13.637366,-21.947523,34.204678,27.999876,-27.838528,35.690414,34.63311,-28.173256,-35.410656,-28.00227,-18.814737
32.24126,-17.347878,-28.612736,44.628246,36.283092,-36.432854,46.3905,45.000973,-36.673862,-45.968452,-36.385303,-24.638704
25.27024,-13.54162,-22.170773,34.56714,28.092915,-28.208008,35.86606,34.694298,-28.37767,-35.747913,-28.267185,-19.004107
16.993135,-9.049671,-14.878658,23.37053,18.951263,-18.988508,24.257652,23.442366,-19.09961,-24.056927,-19.095543,-12.792023
32.5764,-17.78012,-28.706793,44.685905,36.554375,-36.422066,46.552624,45.174107,-36.80241,-46.215836,-36.520294,-24.621862
65.102036,-35.887825,-56.761166,87.94461,72.1327,-71.71961,91.86251,89.378456,-72.3928,-91.0952,-72.10231,-49.06947
35.60926,-19.295721,-30.980333,48.14464,39.31905,-39.24346,50.095284,48.622116,-39.558453,-49.80591,-39.39852,-26.731472
15.606221,-8.190426,-13.6184225,21.447796,17.386879,-17.484621,22.264004,21.378809,-17.549387,-22.173676,-17.55425,-11.765354
34.224255,-18.478449,-30.10236,46.76859,38.12857,-38.24754,48.669205,47.163513,-38.424767,-48.36319,-38.24046,-25.851414
22.584019,-11.919584,-19.84299,31.090378,25.10177,-25.338821,32.105495,31.02861,-25.421282,-31.989199,-25.322449,-16.96916
43.772667,-24.668163,-38.897945,60.494457,49.802105,-49.245113,63.974,61.837772,-49.662556,-62.66386,-49.872684,-33.69606
24.959463,-13.36827,-22.077368,34.56808,28.040796,-28.155563,35.832245,34.676907,-28.306656,-35.59978,-28.166042,-18.983753
2.4059443,-0.9489712,-1.9963807,3.3814783,2.6614373,-2.6849911,3.4452283,3.0653343,-2.7679477,-3.6453915,-2.8184829,-1.7199321
2.0980947,-0.70101935,-1.7324988,2.9454536,2.2704215,-2.3184671,2.9116173,2.65976,-2.3342583,-3.1327336,-2.4482813,-1.5098096
36.655537,-20.100565,-32.26405,50.19361,41.094307,-40.941566,52.25767,50.761856,-41.444267,-51.98807,-40.95986,-27.636923
22.262775,-12.023509,-19.828663,30.998981,25.206842,-25.265997,32.372383,31.329182,-25.310791,-31.928852,-25.381353,-17.144611
55.42469,-29.794178,-48.828896,75.796074,61.838844,-61.76517,78.97812,76.66725,-62.411274,-78.28305,-61.90351,-41.955124
35.941406,-19.064142,-31.702627,49.365833,40.060116,-40.204487,51.099094,49.496525,-40.61711,-50.842476,-40.149883,-27.047262
66.50141,-36.51727,-59.292686,91.996346,75.42783,-74.9913,97.00606,93.93707,-75.62398,-95.03054,-75.57897,-51.21558
16.514105,-8.594806,-14.549037,23.013594,18.558577,-18.671574,23.915129,23.001219,-18.76371,-23.665033,-18.771076,-12.570539
17.137764,-8.877045,-15.230035,24.056034,19.353,-19.56713,24.970104,24.006048,-19.524143,-24.625143,-19.64216,-13.144807
20.60297,-10.869051,-18.121807,28.417473,23.09428,-23.144604,29.498692,28.568623,-23.397253,-29.365805,-23.13352,-15.575378
14.001914,-7.3742495,-12.384558,19.384783,15.748602,-15.776994,20.198395,19.456581,-15.911035,-20.043858,-15.868496,-10.597507
15.822761,-8.376742,-14.039952,22.073072,17.929058,-17.973574,23.039234,22.231628,-18.05707,-22.769169,-18.042068,-12.134433
25.063147,-13.326752,-22.23951,34.86449,28.244534,-28.306915,36.224922,35.02829,-28.552866,-35.840397,-28.419746,-19.071556
5.2093916,-2.6431363,-4.5393934,7.259856,5.9666576,-5.841861,7.599268,7.257336,-5.9184523,-7.5852313,-5.9794374,-3.9581082
18.53822,-9.790182,-16.219479,25.372435,20.649296,-20.625448,26.339798,25.448004,-20.902096,-26.239223,-20.680126,-13.9318285
22.54593,-11.7087145,-19.91969,31.188866,25.168713,-25.439203,32.20029,31.062702,-25.58343,-32.099277,-25.347149,-16.980112
31.413774,-16.804047,-27.859602,43.339485,35.302376,-35.366734,45.218807,43.800938,-35.615353,-44.713882,-35.416645,-23.91901
26.662695,-14.861328,-23.724419,36.83923,30.43262,-29.846828,39.024414,37.762978,-30.523842,-38.30518,-30.334433,-20.199862
46.201,-24.814407,-41.15274,64.07364,52.19299,-52.238144,66.91093,64.784134,-52.625214,-66.00384,-52.318092,-35.339447
32.963707,-17.477451,-29.326916,45.778416,37.151653,-37.30924,47.690853,46.14157,-37.540768,-47.09221,-37.272602,-25.211372
6.1038504,-3.0186758,-5.2482195,8.422386,6.777503,-6.8171134,8.747476,8.330076,-6.853246,-8.703275,-6.9256654,-4.6012225
14.425673,-7.37147,-12.725505,20.02439,16.119627,-16.28143,20.716719,19.914536,-16.365711,-20.568766,-16.318626,-10.897031
13.78976,-7.024595,-12.159056,19.1147,15.384902,-15.523976,19.728218,18.975061,-15.612525,-19.677534,-15.550644,-10.400129
30.623585,-16.417744,-27.08906,42.258305,34.45169,-34.416367,44.130653,42.77063,-34.826263,-43.608944,-34.497528,-23.218334
16.85956,-8.797373,-14.747789,23.144556,18.790154,-18.817467,24.076885,23.137053,-18.997274,-23.906004,-18.90871,-12.6393
13.674291,-7.2156386,-12.04793,18.957302,15.363124,-15.300742,19.829403,19.06463,-15.393084,-19.472197,-15.570949,-10.34741
17.713343,-9.430208,-15.631251,24.51948,19.96631,-19.861273,25.584595,24.682053,-20.15171,-25.316673,-20.055895,-13.385054
20.050539,-10.648647,-17.816011,27.833382,22.687496,-22.639956,29.154655,28.179241,-22.863255,-28.688704,-22.745943,-15.384389
16.401428,-8.588079,-14.594753,22.962101,18.54169,-18.689413,23.81754,23.00451,-18.726898,-23.595463,-18.730146,-12.541104
20.703987,-10.83468,-18.216602,28.48221,23.06773,-23.126333,29.449726,28.489283,-23.419714,-29.310816,-23.168905,-15.4852
10.929803,-5.526857,-9.447331,14.888762,12.06403,-12.138585,15.461417,14.894937,-12.264929,-15.467157,-12.19556,-8.132237
15.725999,-8.2220335,-13.742951,21.60253,17.505037,-17.533302,22.425055,21.596024,-17.734377,-22.34427,-17.632706,-11.816154
21.541649,-11.395539,-19.022915,29.657362,24.09573,-24.179644,30.7645,29.757069,-24.350388,-30.609436,-24.195704,-16.299536
19.997005,-11.224518,-17.615908,27.385714,22.76636,-22.222553,29.127155,28.226484,-22.799536,-28.626034,-22.61942,-15.208526
20.51607,-11.139137,-18.218023,28.518093,23.303871,-23.179453,30.061586,28.987978,-23.30354,-29.478655,-23.480757,-15.805894
12.82947,-6.738477,-11.390456,17.877499,14.484573,-14.571563,18.665771,17.992624,-14.606523,-18.412401,-14.651569,-9.802367
12.726059,-6.5847535,-11.15864,17.560556,14.209758,-14.297078,18.20031,17.536892,-14.412825,-18.172672,-14.31817,-9.562465
13.563957,-7.0518622,-12.033029,18.87678,15.282454,-15.38784,19.569782,18.946814,-15.456399,-19.46998,-15.376228,-10.355165
45.86945,-24.552713,-40.533054,62.94122,51.34672,-51.339165,65.531555,63.60167,-51.97769,-65.020424,-51.273495,-34.640564
30.139381,-17.015879,-26.65975,41.367554,34.34565,-33.545593,44.008617,42.7035,-34.36587,-43.111794,-34.172203,-22.9379
3.485741,-1.79689,-2.919391,4.7286057,3.9031918,-3.732371,4.964019,4.7208595,-3.854314,-4.986141,-3.9468958,-2.5602913
9.690534,-5.0361757,-8.5249605,13.516745,10.95363,-10.999962,14.148484,13.518256,-11.01365,-13.992531,-11.141905,-7.4412003
17.374222,-8.943903,-15.421279,24.326717,19.51835,-19.796385,25.191603,24.223753,-19.79975,-24.957973,-19.849419,-13.323228
38.487392,-21.013632,-33.899326,52.605156,43.14497,-42.819324,54.930637,53.417133,-43.617744,-54.532864,-42.964077,-28.817066
45.61863,-24.338491,-39.977776,62.114735,50.564842,-50.571396,64.5264,62.616856,-51.05651,-64.0952,-50.6457,-34.28739
16.340176,-8.465719,-14.411871,22.74902,18.36389,-18.456926,23.626242,22.740202,-18.571386,-23.403648,-18.567545,-12.4840145
34.469635,-19.383512,-30.405539,47.116486,39.096355,-38.282898,50.02659,48.538525,-39.214092,-49.148922,-38.831726,-26.080208
52.392097,-28.154955,-45.90533,71.156586,58.12401,-58.035854,74.143974,72.10366,-58.63384,-73.5684,-58.109074,-39.499466
9.082978,-4.701887,-7.9538946,12.648258,10.1867,-10.217806,13.101344,12.544049,-10.285819,-13.043484,-10.3610325,-6.883816
3.9912548,-1.9903657,-3.406473,5.5374603,4.494267,-4.397085,5.795795,5.4884057,-4.4653244,-5.7319756,-4.591189,-2.949731
16.020742,-8.5288315,-14.203986,22.317879,18.160255,-18.185635,23.42752,22.569466,-18.280737,-23.032127,-18.31763,-12.31512
24.592325,-13.008054,-21.690105,33.739807,27.45141,-27.517666,35.040497,33.915974,-27.793262,-34.823967,-27.491901,-18.565783
16.133549,-8.878251,-14.323565,22.336466,18.450617,-18.162146,23.694761,22.857668,-18.453049,-23.298897,-18.453506,-12.31897
15.090233,-7.4370213,-13.305288,21.126192,16.823837,-17.187494,21.722788,20.678246,-17.084843,-21.705854,-17.206223,-11.412287
28.377544,-15.091799,-25.21902,39.493,32.05669,-32.173435,41.253063,39.85231,-32.255676,-40.590572,-32.28498,-21.86978
18.248446,-9.485484,-16.037619,25.016478,20.270216,-20.384438,25.838524,25.030222,-20.624428,-25.80143,-20.333055,-13.612062
15.011493,-7.8691964,-13.326947,20.976213,16.995474,-17.055536,21.961565,21.088575,-17.062315,-21.585358,-17.20933,-11.513175
14.1334095,-7.66929,-12.36109,19.316566,15.872282,-15.718788,20.281162,19.636786,-15.956613,-20.160408,-15.930441,-10.628758
22.592838,-11.979001,-20.168978,31.58573,25.6563,-25.740782,32.98794,31.86916,-25.829405,-32.532764,-25.802149,-17.43407
24.88392,-13.425284,-22.197536,34.61193,28.223162,-28.306963,36.364925,35.15613,-28.321487,-35.715736,-28.429098,-19.225441
52.665745,-28.308273,-46.62134,72.44511,59.0786,-59.0431,75.44929,73.25392,-59.708336,-74.73815,-59.006893,-40.009235
49.20809,-26.757944,-43.182255,66.986046,54.896694,-54.612377,70.0104,68.07464,-55.382126,-69.4505,-54.784336,-37.157364
15.755137,-8.2704,-13.987032,22.00362,17.833841,-17.854675,22.859064,22.075294,-17.99543,-22.617168,-17.920727,-12.0213175
36.438465,-19.407581,-32.224915,50.08423,40.78206,-40.807648,51.948,50.476643,-41.33013,-51.67627,-40.719143,-27.499107
66.892166,-36.175613,-58.52406,90.6073,74.11542,-73.84313,94.53784,92.02953,-74.69272,-93.77229,-74.1512,-50.397385
14.891562,-7.7466574,-13.079292,20.541958,16.653337,-16.723423,21.30987,20.558886,-16.79854,-21.167645,-16.774605,-11.251034
6.6524053,-3.4045398,-5.7886333,9.161015,7.4018426,-7.417026,9.574108,9.145481,-7.410282,-9.466983,-7.6007214,-4.9870453
53.906162,-29.689127,-47.52902,73.52118,60.619854,-59.787685,77.11431,75.193054,-61.263042,-76.369606,-60.10269,-40.41148
18.011545,-9.326165,-15.890476,24.7908,20.115417,-20.195206,25.798513,24.901663,-20.44649,-25.572489,-20.228468,-13.497212
23.924185,-12.318897,-21.01723,32.87904,26.569155,-26.81987,34.133728,32.92659,-26.999454,-33.91791,-26.792469,-18.03331
24.728361,-12.805086,-21.818886,34.10355,27.592417,-27.811611,35.334515,34.169888,-28.006771,-35.10695,-27.755278,-18.587082
15.844786,-8.123671,-14.104683,22.197634,17.86612,-18.11546,23.11505,22.226452,-18.077108,-22.782494,-18.132177,-12.217017
26.363594,-13.665353,-23.281918,36.32273,29.452776,-29.623335,37.708546,36.47891,-29.889347,-37.41712,-29.52027,-19.968927
26.49485,-14.534695,-23.522804,36.6086,30.146025,-29.703217,38.802456,37.44634,-30.216879,-38.02644,-30.185335,-20.257782
1.151674,-0.40899512,-0.8552358,1.573317,1.2331474,-1.2314329,1.7160506,1.451447,-1.1812377,-1.7190051,-1.4382296,-0.79905957
38.270653,-20.174833,-33.52134,51.89698,42.229103,-42.256325,53.931442,52.389767,-42.810993,-53.625813,-42.325138,-28.5725
16.42009,-8.471863,-14.704574,23.0683,18.64332,-18.816317,23.903772,23.059233,-18.873411,-23.743013,-18.766249,-12.661533
54.446693,-29.55658,-47.93863,74.19777,61.091835,-60.254482,77.810646,75.77138,-61.97778,-77.108444,-60.557537,-40.531986
17.506481,-8.941023,-15.461933,24.370956,19.584717,-19.850597,25.30099,24.35518,-19.863726,-25.02169,-19.889072,-13.342697
18.553083,-9.564527,-16.405996,25.93512,20.878393,-21.047983,26.952194,25.876097,-21.143185,-26.612402,-21.14877,-14.147548
15.55604,-7.7807693,-13.683435,21.605331,17.317738,-17.5761,22.37105,21.465652,-17.595543,-22.130945,-17.603186,-11.83994
1.3810574,-0.5947528,-1.0804939,1.9375832,1.5311971,-1.4488769,2.0357065,1.8163221,-1.4838723,-2.0186737,-1.6743522,-0.95376146
24.37,-12.544467,-21.524738,33.516262,27.141726,-27.33555,34.679405,33.56036,-27.657642,-34.56002,-27.225876,-18.330074
36.3276,-19.474588,-31.981247,49.631496,40.66888,-40.407166,51.876213,50.35203,-41.266277,-51.49146,-40.50415,-27.192595
43.564224,-23.16094,-38.49827,59.721256,48.750725,-48.67749,62.21635,60.414764,-49.49465,-61.7915,-48.64958,-32.752373
43.854675,-23.942896,-39.136204,60.752003,49.86294,-49.44574,64.16284,62.104034,-50.073452,-62.904125,-49.90501,-33.687027
25.886366,-13.906011,-23.092854,36.001785,29.404768,-29.304667,38.039753,36.70065,-29.536837,-37.144817,-29.627949,-19.98381
60.240788,-33.162533,-53.164448,82.36341,68.0111,-66.91723,87.00556,84.4561,-68.59362,-85.71301,-67.5664,-45.426395
11.197449,-5.5612497,-9.7706995,15.556609,12.452806,-12.511658,15.995694,15.302136,-12.655844,-15.953879,-12.632983,-8.328789
30.277948,-16.688162,-26.86786,41.664356,34.43861,-33.843967,44.22309,42.871773,-34.630367,-43.386524,-34.317387,-22.985039
29.813162,-16.477606,-26.446278,41.002396,33.934795,-33.288155,43.523354,42.184685,-34.11069,-42.736137,-33.73719,-22.640408
31.193699,-17.189007,-27.680367,42.979687,35.519577,-34.852467,45.576767,44.17974,-35.741997,-44.693382,-35.347958,-23.686752
29.715118,-16.39236,-26.310114,40.769997,33.76366,-33.106953,43.264946,41.969494,-33.975594,-42.49541,-33.550648,-22.51678
32.043884,-17.672766,-28.490107,44.177345,36.49449,-35.874107,46.84124,45.359863,-36.711784,-45.98148,-36.35419,-24.332956
40.18377,-21.124327,-35.559696,55.3592,44.95179,-45.139874,57.58806,55.72177,-45.618237,-57.068947,-45.072456,-30.374325
14.827675,-7.564268,-13.264077,20.84631,16.762184,-16.97511,21.626204,20.864658,-17.03043,-21.376348,-17.00411,-11.356356
22.950466,-11.9048605,-20.375305,31.850458,25.768757,-25.89298,33.01844,31.977821,-26.143625,-32.732693,-25.862795,-17.462067
42.190174,-22.27987,-37.045345,57.43752,46.79971,-46.71178,59.79595,58.0651,-47.42809,-59.373978,-46.845917,-31.673914
43.60081,-23.555214,-38.359398,59.354828,48.825214,-48.202843,62.215084,60.50932,-49.513893,-61.633217,-48.471874,-32.476055
13.795078,-7.109353,-12.374754,19.44512,15.639441,-15.83292,20.252922,19.450714,-15.833039,-19.94558,-15.906135,-10.59101
19.709959,-10.041323,-17.289083,27.118223,21.863457,-22.04378,27.972109,27.02032,-22.313486,-27.897194,-21.999151,-14.75967
15.417253,-7.860646,-13.656926,21.34662,17.261782,-17.334236,22.027338,21.235365,-17.556633,-21.988157,-17.3419,-11.5664625
36.09077,-18.928127,-31.628855,48.982155,39.841156,-39.908596,50.894993,49.45208,-40.38837,-50.624363,-39.92775,-27.108597
11.098621,-5.565018,-9.6705065,15.163905,12.257535,-12.400565,15.7608385,15.172585,-12.470842,-15.747867,-12.431422,-8.392201
20.870035,-10.674152,-18.688288,29.246124,23.606049,-23.858446,30.429106,29.392773,-23.941416,-29.996454,-23.826815,-15.955924
23.262615,-12.001314,-20.47904,31.996729,25.919968,-26.094904,33.162235,32.0546,-26.379156,-33.005352,-26.020723,-17.516142
13.351089,-6.783725,-11.801581,18.59743,14.9638605,-15.133405,19.301386,18.57573,-15.210672,-19.127151,-15.1655445,-10.178658
16.449772,-8.401766,-14.411275,22.640236,18.23607,-18.358484,23.4735,22.624138,-18.494934,-23.22702,-18.463097,-12.369417
1.8727945,-0.6691867,-1.4679985,2.5362072,1.9498372,-1.9968722,2.640204,2.3292112,-1.9581696,-2.701478,-2.1796212,-1.2786205
22.480782,-11.59432,-19.737736,30.84275,24.981009,-25.165676,31.996067,30.838905,-25.392076,-31.854872,-25.102686,-16.830605
15.580293,-8.032941,-13.76417,21.63544,17.461634,-17.581772,22.39633,21.579346,-17.771404,-22.316303,-17.611708,-11.689239
14.720331,-7.5718703,-13.02199,20.414438,16.515064,-16.598606,21.188171,20.424723,-16.759527,-21.061422,-16.640493,-11.157766
35.888702,-18.886898,-31.441013,48.668995,39.650803,-39.615746,50.60988,49.20223,-40.184772,-50.293045,-39.701668,-26.87647
13.149133,-6.6648717,-11.610188,18.315159,14.756352,-14.907374,18.956186,18.180496,-14.97701,-18.855162,-14.91562,-9.943788
26.435806,-14.621303,-23.405289,36.251186,30.045528,-29.429853,38.520195,37.351696,-30.117306,-37.817207,-29.91067,-20.072666
35.04724,-19.514244,-30.949635,47.950684,39.83158,-38.87732,51.031876,49.485004,-39.9966,-50.043697,-39.518433,-26.545134
34.769352,-19.23925,-30.767109,47.622852,39.532692,-38.633167,50.638123,49.12669,-39.741394,-49.671215,-39.213882,-26.37439
35.39427,-19.594751,-31.37871,48.61563,40.261787,-39.440247,51.58749,50.030766,-40.521263,-50.64285,-39.999317,-26.709072
14.784627,-7.571444,-13.088898,20.57439,16.643387,-16.771479,21.405792,20.633759,-16.827696,-21.172813,-16.808294,-11.235043
86.2261,-46.840252,-75.48382,116.70583,96.0228,-94.9613,122.415535,119.242424,-96.983955,-121.22609,-95.5176,-64.7276
26.976673,-14.659059,-23.861603,37.12609,30.591167,-30.106646,39.097637,37.89863,-30.84657,-38.602074,-30.406935,-20.359644
33.047256,-18.439503,-29.20312,45.133007,37.53272,-36.66559,48.037632,46.64419,-37.7409,-47.17454,-37.232143,-24.940475
31.254969,-17.431244,-27.587389,42.675934,35.477127,-34.67086,45.50254,44.154354,-35.705467,-44.626205,-35.231464,-23.618402
48.735867,-26.210985,-43.516045,67.55064,55.21878,-54.979095,71.08568,68.766556,-55.53392,-69.70229,-55.420906,-37.428173
35.231136,-19.533997,-31.168211,48.310394,40.036545,-39.19353,51.24601,49.739983,-40.32061,-50.344788,-39.702015,-26.69856
33.908966,-18.824535,-29.980947,46.33586,38.5172,-37.620888,49.36353,47.94711,-38.747414,-48.397995,-38.207283,-25.662895
42.294987,-22.239325,-37.42722,58.213795,47.312706,-47.37987,60.53193,58.68231,-47.981926,-59.970673,-47.40591,-31.943853
38.50775,-20.188349,-33.664124,52.164223,42.392406,-42.446697,54.182938,52.649456,-42.95019,-53.826736,-42.5581,-28.713503
8.527877,-4.351566,-7.467677,11.899603,9.6020975,-9.590991,12.448405,11.951439,-9.683035,-12.246367,-9.7639885,-6.4926944
83.89088,-44.56664,-74.15093,115.02282,93.74036,-93.82618,119.87201,116.37608,-95.04915,-118.77765,-93.6954,-63.506996
14.7083435,-7.3879175,-13.099704,20.649822,16.603273,-16.751825,21.38549,20.567202,-16.860062,-21.14774,-16.765177,-11.242006
17.38518,-9.09145,-15.39747,24.246342,19.652155,-19.719658,25.361895,24.369263,-19.813004,-24.984465,-19.817865,-13.317336
43.68907,-23.031677,-39.01916,60.745285,49.44857,-49.495537,63.817547,61.635605,-50.004124,-62.64766,-49.64825,-33.5937
13.564299,-6.901731,-12.037124,18.997635,15.379463,-15.386911,19.795975,19.035812,-15.533714,-19.514748,-15.469918,-10.357018
12.965687,-6.55815,-11.527623,18.181952,14.642434,-14.783551,18.911606,18.169031,-14.8275175,-18.669147,-14.85735,-9.909659
22.475225,-11.614094,-20.057653,31.369114,25.428032,-25.492008,32.770535,31.61824,-25.74626,-32.29061,-25.563297,-17.220282
21.420464,-11.043431,-19.077969,29.900307,24.221125,-24.351124,31.272837,30.115934,-24.536129,-30.790333,-24.421255,-16.4233
3.9848237,-2.057901,-3.4383197,5.4716873,4.5224333,-4.381032,5.8992352,5.63388,-4.4165144,-5.721549,-4.659049,-3.0505366
68.44209,-35.954334,-60.002075,92.823204,75.69041,-75.57078,96.87802,94.18154,-76.79295,-95.970665,-75.77351,-51.34006
20.587996,-10.337608,-18.108223,28.369474,22.791637,-23.022938,29.325788,28.259726,-23.255339,-29.12705,-23.061325,-15.338691
23.40406,-11.773826,-20.69922,32.319748,26.038517,-26.325132,33.43625,32.204754,-26.58141,-33.223953,-26.245716,-17.564941
31.764515,-16.439512,-28.103617,43.72564,35.508545,-35.61503,45.588524,44.155067,-36.11404,-45.12281,-35.635136,-24.032948
21.963654,-11.197887,-19.374447,30.193998,24.412674,-24.576986,31.34285,30.251223,-24.895802,-31.103245,-24.559652,-16.456701
25.888037,-13.424876,-23.116137,35.95496,29.14243,-29.351841,37.387234,36.202305,-29.686111,-37.043335,-29.252865,-19.67045
49.86388,-25.915714,-44.068157,68.30379,55.482452,-55.65531,70.994194,68.929924,-56.540154,-70.475525,-55.519623,-37.58125
39.657722,-20.72505,-35.14198,54.617115,44.37227,-44.466366,56.99412,55.232056,-44.9833,-56.322033,-44.536007,-30.16418
24.294,-12.345815,-21.526808,33.59672,27.083265,-27.373543,34.818443,33.609623,-27.60381,-34.527832,-27.286251,-18.310663
52.5431,-27.355778,-46.18047,71.53239,58.21974,-58.37122,74.51662,72.29509,-59.17357,-73.952644,-58.280815,-39.53847
83.96023,-44.80524,-73.872284,114.18135,93.64162,-92.877754,119.75679,116.523796,-94.89101,-118.35236,-93.32614,-63.19748
8.798076,-4.290021,-7.824418,12.2693815,9.885425,-9.919656,12.655664,12.186753,-10.064889,-12.616791,-9.945678,-6.6500435
10.126811,-5.140944,-8.973744,14.227755,11.476753,-11.552475,14.826666,14.23116,-11.615429,-14.684884,-11.632544,-7.753245
39.397377,-20.856913,-35.285393,54.93951,44.726658,-44.73481,57.846928,55.803856,-45.106316,-56.640873,-45.093086,-30.32727
17.656544,-8.779781,-15.5800085,24.422281,19.670626,-19.834843,25.299545,24.412647,-20.151548,-25.178505,-19.835266,-13.190285
8.273508,-4.087634,-7.328662,11.62099,9.291993,-9.465232,12.042787,11.55999,-9.441011,-11.939448,-9.51371,-6.3089213
22.552969,-11.580711,-19.89074,31.01233,25.140862,-25.277075,32.180588,31.09779,-25.636732,-32.081837,-25.207747,-16.959827
21.104727,-10.750359,-18.673773,29.130888,23.526098,-23.712036,30.180737,29.22122,-23.95423,-29.982723,-23.693918,-15.921236
70.196205,-37.076603,-61.447884,95.07648,77.70762,-77.365,99.457695,96.66292,-78.672226,-98.387276,-77.72632,-52.789948
21.789806,-11.175826,-19.266142,30.092432,24.431414,-24.53951,31.34439,30.32748,-24.872335,-31.064909,-24.519802,-16.531445
18.666237,-9.641205,-16.367527,25.537352,20.820995,-20.734072,26.669554,25.752985,-21.106293,-26.458935,-20.863323,-14.011393
20.707096,-10.687672,-18.435274,28.786701,23.3508,-23.451605,30.028353,29.019709,-23.67218,-29.68859,-23.474976,-15.805608
10.977599,-5.4500966,-9.69084,15.355858,12.309447,-12.396822,15.851165,15.268198,-12.511666,-15.757475,-12.483109,-8.286798
66.50706,-36.08702,-58.587727,90.32434,74.75254,-73.343704,95.243996,92.87984,-75.89575,-94.23101,-73.866516,-49.56512
41.481724,-21.312428,-36.688305,57.105824,46.227085,-46.607677,59.266567,57.348984,-47.109245,-58.82774,-46.372406,-31.357004
18.353518,-9.0488,-16.346975,25.682848,20.551073,-20.856045,26.539173,25.581627,-20.999668,-26.242092,-20.817675,-14.051013
28.044271,-14.243785,-24.744572,38.4711,31.081793,-31.296799,39.825672,38.533794,-31.692038,-39.56684,-31.253475,-21.03716
9.140775,-4.4104967,-7.962363,12.657614,10.117542,-10.264101,13.112,12.540194,-10.369316,-13.057112,-10.329671,-6.9111204
11.732886,-5.831782,-10.432443,16.443672,13.222624,-13.371745,17.072216,16.366018,-13.426677,-16.886602,-13.387557,-8.995289
21.866793,-11.159634,-19.334414,30.07204,24.388584,-24.569363,31.216574,30.277033,-24.910427,-31.064167,-24.422981,-16.461166
40.13799,-21.160234,-35.805107,55.722237,45.423832,-45.443264,58.60351,56.56579,-45.887024,-57.530167,-45.622726,-30.870573
15.517828,-7.9058194,-13.809776,21.70683,17.526222,-17.622961,22.582476,21.722733,-17.716448,-22.331583,-17.71325,-11.851771
20.023558,-10.161998,-17.87179,28.062933,22.639776,-22.812946,29.23982,28.209072,-22.962294,-28.775509,-22.86096,-15.393926
21.868883,-11.262364,-19.449429,30.4013,24.610094,-24.69787,31.727432,30.657593,-24.992012,-31.276163,-24.81973,-16.635511
15.486638,-7.976397,-13.682554,21.39219,17.435308,-17.389181,22.429659,21.593153,-17.631313,-22.109571,-17.528608,-11.737963
15.844473,-8.072764,-13.733704,21.39745,17.372774,-17.384619,22.193462,21.441076,-17.619316,-22.192762,-17.494177,-11.686264
8.7985735,-4.363458,-7.656724,12.182643,9.794196,-9.827522,12.604834,12.102346,-9.910366,-12.518505,-9.954411,-6.63923
0.74775976,-0.195552,-0.51400656,1.0269271,0.8057171,-0.76794136,1.0821242,0.9016624,-0.77077395,-1.1534694,-0.93541586,-0.52710587
19.480787,-10.096517,-17.381283,27.141998,22.042068,-22.043941,28.365013,27.396463,-22.284136,-27.947443,-22.182392,-14.8413515
33.981216,-17.431963,-30.097504,46.777607,37.855125,-38.129128,48.406013,46.94939,-38.643562,-48.15541,-37.955944,-25.527359
9.347411,-4.498114,-8.168527,13.073986,10.414536,-10.503479,13.50986,12.945883,-10.597723,-13.376173,-10.648246,-7.120079
9.542951,-4.66676,-8.402918,13.2144,10.687613,-10.74258,13.804648,13.230545,-10.820403,-13.623735,-10.84494,-7.2114453
15.340898,-7.8086634,-13.579101,21.349424,17.251575,-17.405167,22.29462,21.451952,-17.493086,-21.967613,-17.470894,-11.727927
17.9098,-9.21205,-15.84155,24.70746,20.104692,-20.112434,25.746792,24.900023,-20.403812,-25.58684,-20.158203,-13.519522
21.183498,-10.818438,-18.561457,28.897314,23.444,-23.576063,30.165415,29.176369,-23.827044,-29.84938,-23.615492,-15.936808
23.636875,-12.055784,-20.899797,32.62744,26.344812,-26.587326,33.8283,32.63598,-26.87365,-33.611095,-26.51791,-17.76012
13.883255,-7.0265574,-12.305248,19.358206,15.601156,-15.760478,20.21948,19.41119,-15.813716,-19.927364,-15.843901,-10.626727
25.935518,-13.315777,-22.9707,35.733425,28.9205,-29.117619,37.062206,35.865746,-29.464989,-36.85095,-29.049473,-19.608175
19.31859,-9.917334,-17.249126,27.072752,21.872225,-22.029148,28.24201,27.150614,-22.122728,-27.81029,-22.09181,-14.869435
19.936512,-10.100505,-17.594608,27.525457,22.192434,-22.401096,28.4219,27.443558,-22.645344,-28.32159,-22.351568,-14.954964
21.171295,-11.022706,-18.82719,29.443481,23.910814,-23.96116,30.793352,29.75765,-24.200552,-30.36452,-24.067009,-16.181479
16.794231,-8.415216,-15.023033,23.701336,18.987381,-19.304373,24.624846,23.644865,-19.351955,-24.221928,-19.327368,-12.878094
34.8552,-18.404593,-31.073385,48.40622,39.417175,-39.434963,50.942066,49.176697,-39.805557,-49.95571,-39.683434,-26.770176
19.689318,-9.826865,-17.255299,27.035063,21.779446,-21.925903,27.977125,26.975101,-22.254951,-27.880896,-21.983421,-14.618708
48.46473,-25.814013,-43.289192,67.2159,54.86501,-54.65435,70.75288,68.39216,-55.340343,-69.3752,-55.09542,-37.164043
28.213932,-14.519838,-24.896849,38.78948,31.43719,-31.512617,40.238735,38.9602,-32.006786,-40.019104,-31.519285,-21.17816
17.384241,-8.727638,-15.46034,24.28281,19.48729,-19.740465,25.159512,24.18537,-19.905516,-24.926556,-19.729296,-13.191072
36.199524,-18.934086,-32.092216,49.785896,40.597046,-40.502712,51.917088,50.372505,-41.319756,-51.491245,-40.50576,-27.235327
36.636646,-18.649555,-32.15118,49.733047,40.35772,-40.504032,51.660286,50.20934,-41.170887,-51.401623,-40.45836,-27.380413
19.153524,-9.5045805,-16.827284,26.40302,21.22922,-21.438702,27.333588,26.296982,-21.715082,-27.161114,-21.48394,-14.362525
1.4736929,-0.6395012,-1.2514613,2.089547,1.7082514,-1.6118718,2.1929312,1.9590474,-1.602295,-2.2452009,-1.7945338,-1.0482208
36.305496,-18.31858,-32.09307,49.96515,40.31254,-40.74999,51.84762,50.136074,-41.311623,-51.42807,-40.546383,-27.233633
25.244638,-12.589059,-22.39806,34.99976,28.093878,-28.488604,36.145622,34.82679,-28.783773,-35.969673,-28.374842,-18.998962
36.09873,-18.429502,-31.615479,48.872047,39.713577,-39.826,50.81301,49.31339,-40.48348,-50.555088,-39.831818,-26.904694
38.36231,-19.670473,-34.331413,53.50882,43.358936,-43.623505,55.916317,54.017464,-44.13414,-55.05736,-43.534866,-29.386072
51.823727,-26.527676,-45.686245,70.78103,57.432972,-57.60924,73.55334,71.45499,-58.6388,-72.951324,-57.50712,-38.90865
30.33123,-15.412658,-27.05417,42.192333,34.100296,-34.389957,43.958607,42.50322,-34.79586,-43.398804,-34.317207,-23.112003
51.862846,-27.124908,-46.438545,72.108765,58.727158,-58.759212,75.88325,73.362885,-59.54699,-74.393166,-58.939198,-39.832035
10.751274,-5.2645345,-9.472912,14.911175,11.9975815,-12.07307,15.482221,14.875406,-12.207628,-15.300139,-12.152427,-8.089907
14.207518,-7.0806212,-12.645139,19.829115,15.981451,-16.151016,20.611206,19.910353,-16.313795,-20.412262,-16.130198,-10.837011
37.740368,-19.294214,-33.432728,51.95171,42.115974,-42.25847,54.044327,52.331085,-42.933838,-53.49676,-42.228123,-28.425833
10.977866,-5.497517,-9.709544,15.316336,12.38888,-12.411323,15.923269,15.294606,-12.532275,-15.764161,-12.4825735,-8.303745
6.5984306,-3.0070715,-5.6943374,9.145037,7.235777,-7.3847632,9.377657,8.901763,-7.4230547,-9.4152975,-7.480743,-4.8643856
24.432306,-12.274031,-21.582825,33.719177,27.182098,-27.468845,34.947163,33.75487,-27.819965,-34.67597,-27.349833,-18.37652
15.34504,-7.782608,-13.732388,21.6201,17.457096,-17.53091,22.556671,21.736193,-17.663519,-22.189617,-17.600685,-11.817637
38.533714,-19.551352,-34.227207,53.183735,43.006615,-43.315536,55.210953,53.41244,-43.956932,-54.711327,-43.138786,-29.040329
29.818262,-15.144574,-26.415678,41.073196,33.270218,-33.483837,42.69286,41.3154,-34.022747,-42.38099,-33.35167,-22.448952
22.868883,-11.610314,-20.157766,31.429209,25.40093,-25.559917,32.57418,31.516487,-25.961758,-32.387928,-25.538939,-17.047844
18.383646,-8.926304,-16.215605,25.393164,20.36989,-20.693878,26.244133,25.186562,-20.848433,-26.094849,-20.611128,-13.758805
23.663036,-11.835987,-20.842003,32.54918,26.210493,-26.51068,33.769096,32.54491,-26.815706,-33.522537,-26.501724,-17.734402
16.92109,-8.46547,-14.927089,23.264145,18.813032,-18.944622,24.21312,23.3775,-19.26733,-23.99456,-18.951153,-12.670591
59.318073,-30.868164,-52.374413,81.09732,66.18297,-66.03353,84.68308,82.30841,-67.556595,-83.96834,-65.9559,-44.383846
21.554585,-10.80962,-19.095154,29.696623,23.973352,-24.233965,30.824938,29.785385,-24.554878,-30.663713,-24.154276,-16.173693
9.730196,-4.5425673,-8.502022,13.420394,10.724202,-10.943844,13.91725,13.304146,-11.001319,-13.84269,-10.990617,-7.3306794
11.981215,-6.02803,-10.534095,16.592054,13.411949,-13.423738,17.310612,16.626305,-13.587437,-17.095873,-13.56478,-9.033068
25.66546,-13.202911,-22.98054,35.823345,29.069857,-29.171646,37.630287,36.29729,-29.460917,-36.922436,-29.259398,-19.739252
